1,1,.00021256,.73183,-.81209999,.47830999,7.2143998,.52996999,-.084624,1.0058,3,4,1,11,18
1,2,.000016022001,-.12527999,.38119999,-.99335003,6.6055999,-1.2936,.75577998,-1.0151,2,2,3,3,16
1,3,.000075819997,-.38789001,1.2859,1.4557,7.6118002,.97369999,.99814999,2.2714,2,2,4,14,19
1,4,.003794,-.69569999,1.7385,.045093998,4.6192002,-.26251,-.029154001,-.66997999,1,2,4,9,5
1,5,.00048931001,1.6117001,.72081,1.1896,8.1387997,1.3602999,.48741001,.39726001,3,4,4,14,20
1,6,.0038941,-.21870001,-.67253,-.02373,3.8722,-1.5812,-.88395,-.67747003,2,2,2,8,3
1,7,9.3953004e-06,-2.0880001,1.4045,.45286,5.7849002,.11115,1.2129,1.809,1,1,4,11,12
1,8,.0012416,.62619001,-.055856001,.31169,5.4397001,1.3873,-.58556998,-.36394,3,3,2,10,10
1,9,.000010403,.13895001,-.66981,-.036492001,7.8260002,1.3204,1.0949,.79552001,2,3,2,8,20
1,10,.000079648002,-1.237,1.1062,.17378999,5.7150998,-.45005,.61211002,1.1236,1,1,4,10,11
1,11,.001009,1.0193,-.86913002,-.40663999,7.3111,1.1562001,.20564,-.056189999,3,4,1,6,18
1,12,.0001183,-.66319001,.10004,-.83591998,5.2637,-.6261,-.042404,-.97346002,1,2,3,4,9
1,13,.000024180001,-.26304001,-.30531999,-.77792001,5.7624002,-.013292,.061349001,.13788,2,2,2,4,12
1,14,.39585999,2.5093,-.99944001,.76944,6.0416999,2.7320001,-.77740002,.51846999,3,4,1,13,13
1,15,.00033571001,1.1289001,-.22025999,.84701002,7.5079999,.70538002,.026320999,.18558,3,4,2,13,19
1,16,.00054272998,1.056,.37740001,-.73325998,7.1299,1.7483,1.7428,.58188999,3,4,3,4,18
1,17,.013075,.70346999,1.4022,1.2404,5.3793001,1.7410001,.64129001,.64633,3,4,4,14,10
1,18,.00010415,.60004997,.11505,1.1059999,7.0132999,.45186999,1.0165,2.2623,3,3,3,14,17
1,19,.00034167999,1.3214,-1.7846,.062790997,7.6216002,.8258,-.32944,1.2107,3,4,1,9,19
1,20,1.7030000e-06,-2.8966,.84310001,-1.062,4.4176002,-1.0219001,-.034024,.032524999,1,1,4,3,5
2,1,.002995,-.31265,1.1524,2.2302001,6.5728002,.67732,.57742,2.2548001,2,2,4,15,16
2,2,3.4668999e-06,-1.2794,-.75094998,-3.2892001,5.6643,-.60545999,.13504,-1.5594,1,1,1,1,11
2,3,.000079115001,-1.3401,-.24271999,-2.1245,4.7542,-.1517,.46388,-.84780997,1,1,2,1,6
2,4,.040235002,1.9244,-.46561,1.0971,8.4944,1.1950001,-.77854002,.2,3,4,2,14,20
2,5,.00027523001,-1.046,-1.6546,-3.0868001,3.8117001,-1.0579,-.86562002,-1.3168,1,1,1,1,2
2,6,.0048336,.76735002,-1.2273999,-.025227999,6.1034002,.83301002,.086456001,-.68537998,3,4,1,8,14
2,7,.00047982001,-.32350999,.64696997,.007057,7.4288001,.96301001,1.2685,1.2019,2,2,3,8,19
2,8,.000042126001,-.23378,.12207,-.57189,8.3072004,-.46546999,1.6591001,1.2183,2,2,3,5,20
2,9,.0040123002,-.32962999,1.294,.82183999,5.7757001,-.47398999,.60931998,.17783,2,2,4,13,12
2,10,.0018613,-.005897,-1.5314,-1.3678,4.0998998,1.3473001,-.62190002,-1.1897,2,3,1,2,3
2,11,.0064822002,.42407,1.147,-.45633999,6.1606998,.46430001,-.29344001,-1.3611,3,3,4,6,14
2,12,.095452003,1.2266999,-1.1733,.86638999,5.4166999,.61905003,-.4217,.89314002,3,4,1,13,10
2,13,.00093454,.014162,.19117001,.90354002,5.2200999,-.15955999,-1.5235,.091275997,2,3,3,13,8
2,14,.0012069,.5697,-1.6659,-2.3046,5.1715002,.12304,1.1827,-1.0112,3,3,1,1,8
2,15,.0046995999,-.89578003,1.2151,-.40474001,3.9209001,-2.4654,.84205002,-.88240999,1,1,4,6,3
2,16,.0036232001,.50959003,-1.6962,.72352999,5.7832999,-.21379,-1.7394,.96483999,3,3,1,12,12
2,17,6.4871001e-06,-1.5711,-.43375999,-.51793998,7.349,.22583,-.85377002,1.1895,1,1,2,5,19
2,18,7.3678002e-06,-.69274998,.087122999,-1.2187999,7.7322998,1.4073,1.2797,1.2129,1,2,3,2,20
2,19,.0032518001,.80962002,-.79338998,-.35308,6.25,.86843997,-.061925001,-.16728,3,4,1,6,15
2,20,.000011085,-.79288,.43474001,.19199,7.6549001,-.95604002,1.4469,.75228,1,1,3,10,19
3,1,.000045870001,-1.0447,.089106001,.027829001,5.5187001,.23206,-.053227998,1.7078,1,1,3,9,10
3,2,.0010309,-1.2456,.41246,-.14602,3.9294,-2.4563999,-.018931,1.0595,1,1,3,8,3
3,3,.00398,.15888999,.33546999,.42579001,4.8232002,-.27546,-.50558001,.32334,2,3,3,11,6
3,4,.00015987,-1.3405,-1.1766,-1.6224999,5.1430001,-1.2293,-.55795997,-1.2595,1,1,1,1,8
3,5,.14684001,.70091999,1.1731,2.3238001,6.9762998,-.38242,.33823001,.76972997,3,4,4,15,17
3,6,.0041212002,.27737001,-1.3147,-1.4122,5.0018001,.22689,-1.1565,-1.4,2,3,1,2,7
3,7,.00017886001,-.8154,2.4632001,.82428998,7.3302999,.59004998,.65653998,.8811,1,1,4,13,18
3,8,.0010702,.91883999,-.63600999,-.17146,6.8225999,-.014306,1.0532,-.21786,3,4,2,8,17
3,9,.00034900999,.053971,1.5057,.095696002,6.6522002,.64137,.98632997,-.71362001,2,3,4,9,16
3,10,.014931,-.38396999,-.28773999,-.95736003,4.0084,-1.0759,-.64666998,.12593,2,2,2,3,3
3,11,.0063427999,1.3545001,-1.3624001,.61772001,8.1771002,.16035999,.50476998,.78406,3,4,1,12,20
3,12,.00039299001,-.079409003,-.70485002,.051876999,7.0535998,.12012,.44815001,1.057,2,2,1,9,18
3,13,.000036305999,-.87987,.18494,.34851,6.4035001,-.74349999,.059553001,.34097999,1,1,3,10,15
3,14,.012249,.33689001,.47621,.01842,5.0363998,.31443,-.86742997,-.55107999,2,3,3,9,7
3,15,.000027663,-.053199001,-1.3339,.57204002,6.796,-.29552999,.77937001,1.9220001,2,3,1,12,17
3,16,.0030244,-.25432,-.15534,-.018591,4.2335,-.97271001,-.66588002,.71315002,2,2,2,8,4
3,17,.0066916998,.12976,-.13592,.23479,3.9567001,-1.5459,-1.2106,-.58996999,2,3,2,10,3
3,18,.000084036998,.67404002,.22561,1.2577,9.375,1.8559,1.048,1.6036,3,4,3,14,20
4,1,.0097671002,.55501002,-1.5915999,-1.2618999,3.6138,-1.1611,-.52267998,-1.1061,3,3,1,2,2
4,2,.013022,.84408998,-.54584002,.52024001,5.0363998,.0021633999,.59991002,1.5688,3,4,2,11,7
4,3,.00054525002,.39208999,.28288001,.51837999,6.5138998,.75040001,.68795002,.11611,3,3,3,11,16
4,4,.00032746,-.34459001,.34321001,1.0641,7.3150001,-.45987001,.21602,1.6902,2,2,3,14,18
4,5,.00021539,.93984997,-2.1157999,-1.9442,6.6729999,.80036002,.058625001,.89411998,3,4,1,1,16
4,6,.00013070001,-1.4353,-.40096,-.43061,4.4246998,-1.1287,-.90596998,.93488997,1,1,2,6,5
4,7,.0058316002,1.0646,-1.4066,-.29742,5.5086999,-.26385,-.75599998,-.93188,3,4,1,7,10
4,8,.00015117,-1.3529,1.7539999,.56772,5.2205,-.47538999,1.0279,-.46514001,1,1,4,11,8
4,9,.01163,.68413001,-.81322998,-.054483999,4.5798998,1.1235,-.50524998,.76050001,3,4,1,8,5
4,10,.25299999,1.4009,.34551001,.75421,4.4018998,-.64203,.65992999,-1.284,3,4,3,12,5
4,11,.01068,-.076865003,1.8484,.49856001,3.8413999,-1.576,-.20575,-2.6275001,2,2,4,11,3
4,12,.014737,1.7473,-1.5703,-.22505,5.4401002,-.59450001,.61887002,.72558999,3,4,1,7,10
4,13,.000026697,-.78494,-.38863999,-1.399,5.5419998,.74945003,-.39254001,.12167,1,1,2,2,11
4,14,.0094712004,1.8282,-1.4814,-.75492001,7.1353998,1.7069,.54106998,-.4023,3,4,1,4,18
4,15,.0016619,-.89166999,2.2895999,1.0185,4.9717999,-1.4762,1.4541,1.1611,1,1,4,14,7
4,16,.00057373999,-.51296997,.98680001,-.89222002,5,-1.3868999,.81572998,-1.7082,1,2,4,3,7
5,1,.000013624,.13268,-.98066998,-1.1483001,6.3613,1.9072,.85865003,.56015003,2,3,1,2,15
5,2,.00053919997,1.2622,-1.5829999,-.32348001,5.6620998,1.5951999,-.24597999,.20759,3,4,1,6,11
5,3,.000053484,-1.1391,.13502,.15299,4.3864002,.85699999,-.85597003,.81786001,1,1,3,9,4
5,4,.000016448999,.19687,-.99105,-1.4009,7.4906998,.98140001,-.017917,-.94612998,2,3,1,2,19
5,5,.002471,-.30263999,.027935,-.67229003,3.5028999,-1.1116,.45796999,-.57625997,2,2,2,5,2
5,6,2.4686999e-06,-2.9851999,.89153999,-.66870999,5.8007998,-2.4256999,1.3631999,.43790001,1,1,4,5,12
5,7,.000019857,-1.2022001,1.2558,.85317999,5.5791001,-.75724,-.32418999,1.2729,1,1,4,13,11
5,8,.54911,1.5721,-1.0899,1.4618,3.9928999,.041820001,-2.2084999,-.28727999,3,4,1,15,3
5,9,.000040382001,-.19103,1.0585999,.029618001,5.9889002,-.48350999,2.1703999,.67436999,2,2,4,9,13
5,10,.000036713001,.40426001,.0043565999,.28314999,6.4436002,-.98295999,1.2342,.038819999,3,3,2,10,15
5,11,.000017969,-.44367,.35131001,.84456998,6.3190999,.58622003,.70749003,1.5153,2,2,3,13,15
5,12,7.5986000e-06,-.41676,.28457999,-.73198003,5.6991,-.62585002,.16822,-.69183999,2,2,3,4,11
5,13,4.1298999e-06,-.977,.20987999,.0078087002,6.8835001,.01088,.015284,2.1382,1,1,3,8,17
5,14,.22922,.84952998,.21322,-.35896999,2.6749001,.5104,.74056,-.38918,3,4,3,6,1
5,15,.000026135,.42256999,1.0705,1.1479,8.6807003,1.6794,.88699001,1.4809,3,3,4,14,20
5,16,.0019129,.10943,.29714,1.3128999,4.5502,-1.4937,1.3234,1.0693001,2,3,3,14,5
5,17,8.8149000e-06,-.24651,.093038,.72249001,6.8547001,-.24151,.67017001,1.2728,2,2,3,12,17
5,18,.00015782,-.68388999,-1.5508,-.68054998,4.2070999,-1.1266,-1.4992,-.074732997,1,2,1,4,4
5,19,.00021779,-.19757999,.10013,-.54640001,5.8583999,1.1639,-1.1720001,-.36776,2,2,3,5,12
6,1,.016453,.27974999,.21608,-.046133999,5.0187998,-.064140998,.34740999,-.71912998,2,3,3,8,7
6,2,.00024771999,.83547997,-1.043,-2.3037,7.3604999,.76002002,.60632002,-1.8884,3,4,1,1,19
6,3,.000065836997,-.72384,.32469001,.054437999,6.7347999,-.28845,1.2012,.58607,1,1,3,9,17
6,4,.0089215999,.069242999,.81145,.93958002,4.8518,-.47496,.62880999,.46821001,2,3,4,13,6
6,5,.046413999,1.5287,-.74891001,.80883002,7.5,1.4919,.24494,1.0855,3,4,1,13,19
6,6,.000017486,-.045891002,-.31782001,-.35106999,6.4011998,-.32222,1.3752,-.073205002,2,3,2,6,15
6,7,.000035206001,-.38227001,2.0975001,-.49283001,7.4387999,1.3678,1.6001,.80340999,2,2,4,5,19
6,8,.00089397997,-.48525,-.46676001,-.50256002,3.9588001,-.24481,-.79824001,-.15684,1,2,2,5,3
6,9,.0019203,-.2076,.43274999,.193,4.4664001,-1.0283999,.27897999,-1.4993,2,2,3,10,5
6,10,.019564001,.21337,-1.7106,-.69432002,4.0832,-1.3904999,-1.0409,-1.2676001,2,3,1,4,3
6,11,3.7857001e-06,-.73736,1.8301001,.25696,7.0467,.98695999,.67256999,.76745999,1,1,4,10,18
6,12,.00075265003,-.10667,-.44240999,-.25297001,4.9313998,-.66219997,-.027347,.097878002,2,2,2,7,7
6,13,.000035478999,-.73158997,.10471,-.83159,5.8801999,-.24262001,.17479999,-.90505999,1,1,3,4,12
6,14,.00078599999,-.69972003,.52609998,-1.0583,4.9538002,.45177999,-.10355,-1.4621,1,2,3,3,7
6,15,.00016523,.55239999,.37266001,.17161,8.0780001,.81611001,1.523,-.3529,3,3,3,9,20
6,16,.038722001,.17468999,.87173998,2.0534,5.2321,-.65640002,-.25176999,.27862,2,3,4,15,9
6,17,.00053909997,-.50805002,-1.2754,-1.5389,3.6092999,-.32494,-.57596999,-.26591,1,2,1,2,2
6,18,.078667,-.21242,.18966,1.105,3.5402,-.67815,-.59728998,.080045998,2,2,3,14,2
6,19,.00021563,-.53038001,-.065913998,-.67998999,5.5711999,-.90959001,-.39351001,-.67803001,1,2,2,4,11
6,20,.00019273,-1.7305,-.31845999,-1.5438,4.0599999,-1.4455,-.055147,-.37863001,1,1,2,2,3
6,21,.000072237002,-.23955999,-.99131,-1.4234999,5.6557002,.27535999,-.34375,-.93588001,2,2,1,2,11
6,22,.0041477,.99940997,-1.6747,-2.0369,4.375,-.19619,-.15697999,-.68987,3,4,1,1,4
7,1,.00043988001,.22614001,.75553,.46656999,7.6939998,.62584001,1.1260999,.34031001,2,3,4,11,19
7,2,.00019491999,-.89745998,-.38172001,-1.082,4.224,-.83218002,-1.9154,-2.0997,1,1,2,3,4
7,3,.0071470002,.53886998,-.32108,-.98188001,3.9991,.66052002,-.86003,-1.8908,3,3,2,3,3
7,4,.00032369999,.27884001,1.3377,.18867999,7.6624999,1.7269,2.1322,.45793,2,3,4,10,19
7,5,.00031474,.0060811001,-.32311001,-.30252999,5.1089001,.16738001,.63639998,.51744002,2,3,2,7,8
7,6,.023566,-.93014002,.15030999,.98863,2.8559,.1045,-1.4506,.61133999,1,1,3,13,1
7,7,.00019931,-.40498,-1.4686,-.65227002,4.987,-.71104997,.15216,.048608001,2,2,1,5,7
7,8,.13787,.75107998,.056286,1.6531,5.7447,.63361001,-.029563,1.9912,3,4,3,15,12
7,9,.0013485,.74365002,.83614999,.80261999,6.5110998,1.4058,1.0159,.41299999,3,4,4,13,16
7,10,.051228002,1.9111,-2.1417999,.44139001,6.6666999,1.7108999,-1.5548,.34795001,3,4,1,11,16
7,11,.00017471,-.39365,1.0005,1.345,6.5991998,-.40239,.92411,1.5206,2,2,4,14,16
7,12,.0015820001,.13584,-.12493,.65360999,5.2424002,-.49779001,-.52771002,-.83991998,2,3,2,12,9
7,13,.013849,-.29651999,-2.1255,-1.381,2.6389,-1.8979,-2.0258,-.94060999,2,2,1,2,1
7,14,.016124999,2.0102999,-1.2041,.78309,7.1142998,.75748998,-1.5095,.33772001,3,4,1,13,18
7,15,.000044273998,-1.7955,2.0611999,.57582998,6.4842,-1.3548,.031663999,.46922001,1,1,4,12,15
7,16,.000036152,-.53354001,-1.6806,-1.5477999,7.5,.030156,-.91334999,.42311001,1,2,1,2,19
8,1,.000097242999,-.44474,-.33368999,-.55619001,4.9684,-.44674,-.38802999,.40713999,1,2,2,5,7
8,2,.00025933,-1.0553,1.321,-1.3523999,4.4398999,-1.9624,-.019477,-1.8262,1,1,4,2,5
8,3,.014576,1.3765,-.11944,.085919999,6.25,.72285998,.0080843996,-.77315998,3,4,2,9,15
8,4,.00020988,.17200001,.55124998,-.68888998,6.2919998,1.7790999,-.52458,-.49592,2,3,3,4,15
8,5,.0010014001,1.165,-.68602997,-.041191,6.7012,.63183999,.47457001,.1629,3,4,1,8,16
8,6,.000028164,-1.3873,1.7627,-1.1872,5.9640002,.94195998,.28964001,-1.0978,1,1,4,2,13
8,7,.0012618999,.98487997,-1.5259,-1.2923,5.7835002,.47046,-.54301,-.33072999,3,4,1,2,12
8,8,.00015762,.21298,-.15271001,-.53092998,5.8516002,.22641,-.93379998,-1.3622,2,3,2,5,12
8,9,.00015370001,.45127001,.063101999,.65495998,7.1396999,.89639997,1.4496,.93888998,3,3,3,12,18
8,10,.0014389,.53732002,-.11671,.43932,4.3759999,-1.3974,-1.8392,-.76914001,3,3,2,11,4
8,11,.0010086,.53250998,-.88063002,-.61997002,5.4004998,.65947998,-.91820002,-1.582,3,3,1,5,10
8,12,.0012322,-.62110001,.45440999,-1.4186,3.4015999,-.73835999,.40299001,-2.1705999,1,2,3,2,2
8,13,.0036981001,1.1147,-.87335002,.19648001,4.6785998,.21376,.53762001,.46871001,3,4,1,10,5
8,14,.53724003,1.7224,-1.7026,-.78426999,3.3773999,-1.3657,-1.8063999,-2.5039999,3,4,1,4,2
8,15,.00060704001,.47712001,.0038323,.27756,6.6666999,.79961002,-1.3281,-.23306,3,3,2,10,16
9,1,.0016603,.016044,-.099013001,-.85709,6.4264998,-.99971002,1.2587,-1.1837,2,3,2,4,15
9,2,.00002173,-1.5622,.16975001,-2.1394,5.0855999,-1.5322,.90323001,-.60917997,1,1,3,1,8
9,3,.0016132999,.63068002,-.30451,.39065,5.8803,.45998001,-.74756998,-.52315003,3,3,2,11,12
9,4,.0060704001,-.2561,-.19039001,-.40564001,4.8004999,-1.3837,.22239,-.46869001,2,2,2,6,6
9,5,.000013435,-1.58,.22383,-.49544001,6.4130001,-1.0967,-.33403,.21901999,1,1,3,5,15
9,6,.000056502999,-.96188003,1.5015,-.62721997,6.2193999,-.97338003,1.3332,-1.0405,1,1,4,5,14
9,7,.11133,.86339998,1.1796,1.812,4.6616998,.012023,-.29043001,-.46022001,3,4,4,15,5
9,8,.0092970999,-.01633,.89839,-.69265002,4.2536998,.069833003,-.38753,-2.1599,2,3,4,4,4
9,9,.011557,.50408,.19675,-.58982998,4.7972999,.19306,.061719999,-.44692999,3,3,3,5,6
9,10,.000075064003,-.63806999,.40007001,.56375998,6.1269002,-.70538002,1.7454,1.1174999,1,2,3,11,14
9,11,.0020757001,-.28937,1.8446,.53687,6.6595001,.11298,.017209999,-.94329,2,2,4,11,16
9,12,.0047201999,-.11346,1.3964,.37641001,4.9749999,-1.168,.94041002,-.46509999,2,2,4,10,7
9,13,.093007997,1.3684,-.36752,.64740998,7.3411002,.83814001,.17005,1.3158,3,4,2,12,18
9,14,.00076527998,-.43832999,.74504,-.73698002,6.2372999,.68405998,1.3647,.23613,2,2,4,4,14
9,15,.0022966,1.2247,.69150001,.72228003,7.4342999,.81247997,1.3104,.56963003,3,4,4,12,19
9,16,.000036558999,.42572001,-1.0898,-.64894998,8.1339998,.079550996,.69859999,.4804,3,3,1,5,20
9,17,.00022744,-.22969,-.77566999,-.26254001,4.7876,-.61079001,-.14881,-.94620001,2,2,1,7,6
9,18,.001035,-.31869,-.33928001,.19571,4.7069998,.015413,-1.0618,.25332001,2,2,2,10,6
9,19,.0021756,.16531,.1446,.95411003,5.3325,-.10996,-.87149,.81013,2,3,3,13,9
10,1,.000041043,.30974001,.38821,-.53461999,8.1167002,1.6558,.039012998,.74348998,2,3,3,5,20
10,2,2.5171000e-06,-2.184,-1.1181999,-2.5603001,5.6671,-.43371001,-1.0125,-.064115003,1,1,1,1,11
10,3,.081276998,1.5773,-.14909001,-.41988,4.9015999,.46108001,.50164998,-.58020997,3,4,2,6,7
10,4,.00028094999,.92478001,-.92839003,-.24844,6.9847999,1.6351,.03004,.63806999,3,4,1,7,17
10,5,.000011426,-1.2417001,.59259999,-.77710003,7.4071002,.47494,.31555,.12135,1,1,3,4,19
10,6,.025704,.18421,.73614001,.94422001,4.6943998,-.16977,-1.4454,-1.7605,2,3,4,13,6
10,7,6.3942998e-06,-1.9913,-2.131,-2.0806999,4.9155998,.21701001,-1.2652,1.645,1,1,1,1,7
10,8,.00067823002,-2.0116,.0438,.86536002,3.2214999,-2.6868,-1.3367,-.54847997,1,1,3,13,1
10,9,.00056591001,-.58736998,-.59354001,-1.1085,3.4883001,.020971,-1.7934999,-.77424997,1,2,2,3,2
10,10,.0007335,-.90267003,1.5238,.76643997,6.0812001,.32881001,-.022562999,.30633,1,1,4,12,14
10,11,.096308999,.35749,-.039143998,.47139999,4.2715998,-.1908,-1.524,.099855997,2,3,2,11,4
10,12,.019688001,.72004998,-1.0639,-.19807,4.7621999,-.62190002,-1.3332,-1.2686,3,4,1,7,6
10,13,.00033129999,-1.5366,.20445,-.3123,4.6599998,-1.7014,-.73400998,-.89143002,1,1,3,7,5
10,14,.00070747,-.87566,-.308,-1.8019,3.9984,-.73268002,-.41363999,-1.6131999,1,1,2,1,3
10,15,2.2037000e-06,-1.9396,1.299,-.31783,7.3404002,.39471999,.65170997,.11002,1,1,4,6,18
11,1,.015272,.80333,-.24958,1.3111,6.9425998,-.57410002,-1.074,.055562001,3,4,2,14,17
11,2,.00056665001,-.49617001,1.8474,.24076,5.7946,.37044999,.46937999,-1.7927001,1,2,4,10,12
11,3,.057658002,.3545,-.49324,.76261002,4.3519001,-1.3025,-1.1236,-.41547,2,3,2,12,4
11,4,.064910002,2.1208999,.53030002,.70630002,8.4455004,1.4656,.68817002,.22995,3,4,3,12,20
11,5,6.1144999e-07,-1.8724,-.43726,-1.5923001,6.0788999,-.42594999,-.69534999,-.36737001,1,1,2,1,13
11,6,.0015018,.81795001,-.47714001,.99286002,5.1524,.35802001,-.61708999,.093231998,3,4,2,13,8
11,7,.036446001,1.2086999,.54312998,2.7279999,5.4405999,.72872001,-1.5295,1.1669,3,4,3,15,10
11,8,.11476,.76674998,-1.6833,1.0802,4.3483,-.74207002,-1.6529,1.1124001,3,4,1,14,4
11,9,.0019099,1.0884,-.55097997,.90288001,6.1104002,-.24473,.25771001,1.3972,3,4,2,13,14
11,10,.000084861,-.23108999,.94937998,.76331002,6.5187001,-.40689,.81434,.98925,2,2,4,12,16
11,11,.000040714,-.72632998,1.6272,.34066999,6.6947999,-.32545,.72907001,-.15311,1,1,4,10,16
11,12,7.4602999e-06,.055923,1.5438,.17755,9.2588997,2.4428,1.2085,.091131002,2,3,4,10,20
11,13,.00030317,-2.1551001,1.9588,.48967001,4.5281,-.19649,.31630999,.66698998,1,1,4,11,5
11,14,.036495,1.1224,-.99821001,-.61021,5.1975002,.88709003,-.78309,-.50764,3,4,1,5,8
11,15,.0034924001,.067229003,-.23069,-.20815,4.8786001,.00028052001,.18465,.29324001,2,3,2,7,6
11,16,.00080318999,-.36109999,.72885001,.52789003,6.2082,.69896001,1.5125,.52765,2,2,4,11,14
11,17,.000031536001,.12971,-.49028,-.91390997,6.7188001,1.1116,-.27500001,-.86561,2,3,2,3,17
12,1,.000022304001,-1.6717,-1.2578,-1.7143,4.3245001,-1.4068,.51670003,-.49359,1,1,1,1,4
12,2,.00014633,-.40419,-.15131,.33302,4.8106999,-1.7379,1.1284,-.17129999,2,2,2,10,6
12,3,.0010881,.13229001,.45541999,-1.0138,5.4517002,.76485002,2.0281,-.35892001,2,3,3,3,10
12,4,.0047607999,1.4826,-2.2121999,-.41725999,6.1012998,1.3901,.15274,1.182,3,4,1,6,14
12,5,.000021611,-1.1641001,.13375001,.037016999,6.1037002,-.40044001,-.63085997,-.14898001,1,1,3,9,14
12,6,.1415,1.0056,-1.6121,-.48605001,3.6252,.65679997,-2.4109001,-.24986,3,4,1,6,2
12,7,.03627,-.43884,.30689999,.74917001,2.5543001,-.75314999,-.83226001,-.45831999,2,2,3,12,1
12,8,.0057913,1.6167001,-.36754,-.070280001,7.1738,2.1919,.89968997,.32813999,3,4,2,8,18
12,9,.00063371001,.10408,-.74179,-.91417003,5.6959,.16993999,.32583001,.56033999,2,3,1,3,11
12,10,.0016364,.74886,-.95936,-.63988,6.0174999,.46041,.63067001,.39605999,3,4,1,5,13
12,11,.00096069003,.0053261002,-.092583999,.26936001,4.5563998,-.33724001,.057537001,.040116999,2,3,2,10,5
12,12,.000062243002,-2.0098,-1.0912,-.23002,4.0379,-2.8501999,-.92615002,.59161001,1,1,1,7,3
12,13,.00016816,-1.0303,1.0273,-.081710003,4.8771,-1.0364,-.25409999,-2.0536001,1,1,4,8,6
12,14,.003246,.16957,-1.2596,-1.1562999,4.3849001,-.18640999,-.70898998,.019076001,2,3,1,2,4
12,15,.000011926,-1.6059999,1.6552,-.72446001,7.3049998,-.29633,1.1213,-.10978,1,1,4,4,18
12,16,.24241,1.6382,-1.4448,.23966999,4.7083998,.44170001,-.91185999,.18151,3,4,1,10,6
12,17,.00014141,-2.2102001,.98231,.37937,4.0542002,-2.5789001,-2.0105,-.49509001,1,1,4,11,3
12,18,.000027640001,-.28200001,-.44690999,.12789001,7.5,-.085372001,1.4819,1.8200001,2,2,2,9,19
12,19,6.1189999e-06,-.45679,-.25527999,-.68269998,7.8168001,2.2377,1.2130001,1.4471999,1,2,2,4,20
12,20,.000015256,-1.2884001,.55396998,.73249,6.4580998,-1.3114001,-1.0784,1.0707999,1,1,3,12,15
13,1,.00023444,-.43402001,.86484998,-1.3361,6.2975998,-.46437001,.85694999,-2.0462,2,2,4,2,15
13,2,.1107,.55535001,.30217999,-.43040001,4.0279999,1.4164,.45934999,.27667999,3,3,3,6,3
13,3,.0012794,-1.6339,-.61914003,-1.5591,2.3145001,-1.4568,-2.2007999,-2.3631999,1,1,2,1,1
13,4,.0010798,-.33888,-.040371001,.2045,5.1725998,.119,-.24627,.37691,2,2,2,10,8
13,5,.010599,1.2927001,-.14076,2.2959001,7.0359998,-.4208,.48482001,1.7136,3,4,2,15,18
13,6,2.9344001e-06,-1.8940001,.42882001,-1.7512,6.5162001,-1.4976,.75353998,-.88613999,1,1,3,1,16
13,7,.0098754996,.96257001,-.98343998,-.37667,4.9584999,-.025888,.49759001,-.27046999,3,4,1,6,7
13,8,.000098937999,-.88429999,.54022998,-.11106,5.4432001,.19024,-.40641001,.68080002,1,1,3,8,10
13,9,.13594,1.6839,-2.0764,-1.3739001,5.3285999,1.6152,-1.7043999,-.75761998,3,4,1,2,9
13,10,.0087310001,.80102998,-1.2339,-1.6453,4.2467999,.75334001,-1.1701,-1.0844001,3,4,1,1,4
13,11,.000093105002,-.86325997,.34669,-.14484,6.2914,-.029529,.28771999,.87695998,1,1,3,8,15
13,12,.00046422999,-.12221,1.1155,.83876997,5.9633999,1.0211,-.085390002,.85407001,2,2,4,13,13
13,13,.00063286,-.89323997,.67732,-.31762001,4.3255,.44181001,.28683999,.27928001,1,1,3,7,4
13,14,.000018582999,-.74496001,1.2788,-.34215999,8.0865002,.49722999,1.4217,1.1325001,1,1,4,6,20
13,15,.01487,-.093404002,.46035999,.22876,4.7916999,-1.3207999,-.36629999,-1.1156,2,2,3,10,6
13,16,.00044800001,.12167,.23243,.11607,6.7122998,.91096997,-.43224999,-.19213,2,3,3,9,17
14,1,.000043480999,-.10675,.28687,-.21021,7.6575999,1.3929,-1.081,.44508001,2,2,3,7,19
14,2,.000079238001,.14381,-.64210999,-.43415999,6.5976,.55053997,1.3995,1.6418,2,3,2,6,16
14,3,.0010504,-.1114,.48712,-.68908,5.3323998,-.10043,.092827,-1.846,2,2,3,4,9
14,4,.00001965,-1.3791,-1.1729,-1.1152,6.3708,-.72428,-.035847999,.39166999,1,1,1,3,15
14,5,.0015363001,.12557,-.52183998,-1.0245,4.0142002,-.91576999,-1.2473,-1.0081,2,3,2,3,3
14,6,.000026416999,-.63301998,-1.7273,-.86707002,5.6729999,-.76077002,-1.6715,-.51839,1,2,1,4,11
14,7,.0083510997,.83761001,.76418,.16337,6.1041002,1.2767,1.0743999,.22517,3,4,4,9,14
14,8,.0010829,-.90267998,-.24234,.61843002,4.0186,-1.1526,-1.9369,.47830001,1,1,2,12,3
14,9,.000026725,-1.7577,-.16987,.69366002,5.8376002,-1.331,-.70649999,.49346,1,1,2,12,12
14,10,.0083646998,-.35461,-.78027999,.061841,4.2163,-.41927001,-2.1974001,.30522999,2,2,1,9,4
14,11,.045095,1.2237,-.014083,3.2314999,7.4790001,.55984002,-1.08,1.9045,3,4,2,15,19
14,12,.001084,-.60250002,1.5987,-.045649,4.7730999,-.65377003,.053982001,-.48486999,1,2,4,8,6
14,13,.037655,.38855001,-1.3247,-1.2445,3.8622,.12328,-1.1246001,-1.0893,2,3,1,2,3
14,14,.000027141999,-2.0065,-.12615,-1.101,4.3172998,-1.2445,.058398999,.20958,1,1,2,3,4
14,15,.000069125002,-.36208001,-.81349999,.24798,6.7887998,-.77863997,-.58945,.02255,2,2,1,10,17
14,16,.000097605,-.49886999,.70431,-.63831002,6.1571002,-.55532002,.75893003,-.19808,1,2,4,5,14
14,17,.096855998,1.7313,-.54341,-.56805003,6.875,.29602,1.1591001,-.45296001,3,4,2,5,17
14,18,.018007001,-.53921002,-.41565001,.27539,2.9440999,-1.3204,-1.3025,-1.4583,1,2,2,10,1
14,19,.00022786,-.44659001,.026721001,-.84982997,5.0668001,-.62728,.84671003,-.92394,1,2,2,4,8
14,20,.000014512,-.23776001,-.84386998,-2.0908,6.1547999,.91443002,-.70197999,-1.2424999,2,2,1,1,14
14,21,.00079055998,1.0164,-.83476001,.28242999,6.1195998,1.3667001,.030564001,.82041001,3,4,1,10,14
14,22,.033381999,-.27302,1.0786999,1.1083,4.4661002,-.40902001,-1.2847,-.42673001,2,2,4,14,5
15,1,5.9407998e-06,-2.7244999,-.54211003,-1.1495,4.9878001,-1.8743,-.98233002,.56208003,1,1,2,2,7
15,2,.00023074,-.36352,.30627,-1.13,5.0039001,-1.0705,1.2019,-.80432999,2,2,3,3,7
15,3,.000043667002,-.61127001,-.3134,-1.1059,5.7898998,.26078999,1.3385,-.40288001,1,2,2,3,12
15,4,.20701,1.3365,-2.2147999,-.19967,3.6263001,-.46132001,-1.6294,-1.4232,3,4,1,7,2
15,5,.00039279001,.34411001,-1.4478,-1.4193,4.8884001,.4727,-.11631,.2017,2,3,1,2,7
15,6,.013437,.62318999,-.69681001,.62160999,5.8326998,-1.6923,-.91496998,-.86098999,3,3,1,12,12
15,7,9.2209002e-06,-.93063998,1.2103,.40327001,7.2659001,.44163001,-.40895,-.18319,1,1,4,11,18
15,8,.00020297,-.046858002,-1.1274,-1.0954,5.3523002,.78795999,-.58668,-.28762999,2,3,1,3,9
15,9,.034070998,2.3079,.50897998,2.6822,10,2.2667,1.7194999,3.2725999,3,4,3,15,20
15,10,.000046010999,-.37367001,-.012806,-.36410999,7.4383998,.10773,.52340001,.2217,2,2,2,6,19
15,11,.00038501,-.54421002,.95304,.27922001,6.0348001,-.0054929,1.086,.98605001,1,2,4,10,13
15,12,.00045655001,-.72144997,.21261001,.75768,4.5809002,-1.6812,.8114,.92008001,1,1,3,12,5
15,13,.0046724998,1.2683001,-.37869999,-1.2244,5.7852998,2.3366001,.19746,-1.0295,3,4,2,2,12
15,14,.00012406,-.46184,-.29216,-2.2921,5.5717001,-.28303,-.72341001,-.78241998,1,2,2,1,11
15,15,.00051568,-1.3772,2.0251,-.20328,4.8269,-1.7038,1.0137,-1.5433,1,1,4,7,6
15,16,.000040326999,-1.0316,1.2458,.066249996,6.6009002,-.69708002,.91465998,.22874001,1,1,4,9,16
15,17,.030808,1.8084,.91156,.69799,7.5,1.9003,1.1596,.46375,3,4,4,12,19
15,18,.000062626001,-.62375998,-1.4711,-.15447,5.395,-1.8207,1.2261,1.4387,1,2,1,8,10
15,19,.022092,.66852999,1.9414001,.10257,5.4411001,1.1949,.88599998,-.60573,3,3,4,9,10
15,20,.000023340001,-.17161,.41391999,-.20271,7.2975998,1.8255,-.71412998,.68941998,2,2,3,7,18
15,21,.0046430002,-.38293001,-1.3924,-.90157998,3.8281,-.62476999,-.46013001,-.78895998,2,2,1,3,3
15,22,.0021778999,-.43504,-1.0025001,-.2464,3.4272001,-.72254997,-2.7313001,-1.1009001,2,2,1,7,2
16,1,.027341999,.68272001,.083930999,.91847003,5.9061999,-.21958999,-.61509001,.4276,3,4,3,13,13
16,2,.0059055998,.75037003,1.4078,.54802001,5.6384001,.96991003,.15012001,-.47150001,3,4,4,11,11
16,3,.00055737002,-.56865001,1.2997,-.66681999,5.5485001,1.0635,.98614001,-.45598999,1,2,4,5,11
16,4,.000084555999,-.27972999,.72308999,.70563,6.5548,1.1495,-.037243001,.88204998,2,2,4,12,16
16,5,.0011817,-.44413999,.90460998,-.60189003,5.1705999,-.56291997,1.0494,-.25624001,1,2,4,5,8
16,6,.0084798001,.67098999,1.8915,-.010423,6.5871,1.4344,1.9967999,-1.0657001,3,3,4,8,16
16,7,.0051719001,.23566,-.48241001,.53846002,5.1929998,1.8417,-1.0128,1.4901,2,3,2,11,8
16,8,.00016638001,-.33133,.097052,-.31365001,5.4583998,-.017579,1.1655,.75168997,2,2,3,7,10
16,9,.0097417999,.54079998,-.12805,-.20826,5.0205998,-2.3069,.30173001,-1.973,3,3,2,7,7
16,10,.0058542001,-.85791999,-.027930001,.75801998,3.7481999,-1.2766,-.22041,1.2408,1,1,2,12,2
16,11,.0018159,-.16727,-1.1416,-.74584001,4.3088999,-.13682,-.85382003,-.93058002,2,2,1,4,4
16,12,.000010389,-1.3378,-1.2359999,-2.5874,6.0539999,.42725,.68168002,-.076104,1,1,1,1,13
16,13,.0024003999,-.24805,-.18501,-.72178,4.8846998,-.77867001,.34266999,-.87717003,2,2,2,4,7
16,14,.097465001,1.4233,.80945998,2.5908999,7.2486,-.41330999,.40571001,.089790002,3,4,4,15,18
16,15,.00059482001,-.73053002,-.71082002,.79809999,5.0611,-1.6338,-1.2714,.54922998,1,1,1,13,8
16,16,.000071852002,-1.5035,-.55225003,-1.6569,4.5177002,-1.59,-.49189001,-1.3915,1,1,2,1,5
16,17,.017029,.020850999,.76144999,.38047001,4.1392999,1.2084,.72157001,.19008,2,3,4,11,3
16,18,.00013939,.091288999,1.6398,.74804997,7.5626001,.90991998,.21659,.74469,2,3,4,12,19
16,19,.037058,.28872001,-.30539,1.615,4.8650999,-.64548999,-.75019997,1.5194,2,3,2,15,6
17,1,.0055729998,-.063188002,1.1279,1.5339,4.8610001,.081523001,.35641,1.0965,2,3,4,15,6
17,2,.0083223004,.082800999,1.0181,.75709999,5.2031002,.26214001,-.43346,-.35958999,2,3,4,12,8
17,3,.019525001,1.4884,.93891001,1.4615,6.0457001,.60588002,-.36237001,.066097997,3,4,4,15,13
17,4,.0032858001,.64362001,-.81053001,.44075999,4.9130998,-.49798,-1.9919,-.25957999,3,3,1,11,7
17,5,.074868999,2.303,-3.0201001,.85995001,7.5,1.3545001,-.8793,1.1329,3,4,1,13,19
17,6,.000026284,-2.5325999,.1666,-1.7823,3.0508001,-.62817001,-.43862,-.29255,1,1,3,1,1
17,7,.0011973,1.0948,.74527001,-.36008,8.1155996,.53953999,2.4254999,.46904001,3,4,4,6,20
17,8,.032175001,-.78241998,.53061998,-.43015999,2.6826,-1.7684,.30102,-1.8983001,1,1,3,6,1
17,9,.000013525,-1.7747,2.1622,-.42976001,6.4029002,-.33026999,.43983001,.26106,1,1,4,6,15
17,10,.0027828999,-1.1966,-.27171001,.10615,3.0690999,-1.5799,-.70536,.26883,1,1,2,9,1
17,11,.000084469,.88323998,.061893001,.22095001,9.3199997,1.6088001,1.4552,1.6395,3,4,3,10,20
17,12,.33399999,1.204,-1.4559,-.73896998,2.8887999,.60242999,-.93050998,-.28306001,3,4,1,4,1
17,13,.000077812998,-.98073,.96267998,.11925,5.8424001,-.33259001,.75616002,-.34981,1,1,4,9,12
17,14,.018952001,1.7992001,-.4614,1.9295,6.6634998,.57893002,.011134,1.4741,3,4,2,15,16
17,15,.000054640001,-.28336,-.78494,-.47740999,6.2157001,-.13643999,.082153998,.74084997,2,2,1,6,14
17,16,.00068028999,.66953999,-.79170001,-1.2252001,6.3125,.17172,.38532001,-1.0116,3,3,1,2,15
17,17,.00018759001,.77323997,-.96076,.70042002,7.5,.38220999,-.29097,1.5269001,3,4,1,12,19
17,18,.000032494001,-.25624999,-1.0517,-.073826998,6.0876999,-.11498,-.66362,.019037001,2,2,1,8,14
17,19,.000010277,-.11092,-1.2213,.19261999,7.6020002,.60321999,-.56816,1.1573,2,2,1,10,19
18,1,.000037338999,-.91627997,.46345001,-.56699997,5.0344,-.71794999,.40663999,-1.7574,1,1,3,5,7
18,2,.32374999,2.1793001,-1.0728,.29708999,5.2765999,1.0342,-.13032,-.46867001,3,4,1,10,9
18,3,.000019018,1.4457999,.22584,-.72943002,7.8014002,1.5258,.84610999,-.075944997,3,4,3,4,20
18,4,.000036676,-.35247999,.55940002,.32025999,6.8358002,.68935001,-.31808001,.69441998,2,2,3,10,17
18,5,9.4575998e-06,-.27147999,1.0157,.55242997,7.4136,.42855999,.40283,.30168,2,2,4,11,19
18,6,.0027230999,.71362001,1.3846,1.5611,6.2726002,.69266999,1.7792,.17025,3,4,4,15,15
18,7,.0067469999,.99132001,-1.4777,.15646,5.0106001,-.56606001,-.24821,.69507998,3,4,1,9,7
18,8,.029942,1.4085,-.3743,.97171003,4.4958,-.14084999,-1.4091001,.44558001,3,4,2,13,5
18,9,.000017652999,-.059951998,.66125,-.22745,7.6638999,1.5118999,1.9425,1.0847,2,3,3,7,19
18,10,.000090002002,-.38439,-.78000998,-1.8528,5.2775002,.95599002,.67184001,-.44042,2,2,1,1,9
18,11,.0010184,1.0872999,-2.7637999,-2.1988001,6.0335002,1.3449,-.33599001,-.92695999,3,4,1,1,13
18,12,.00053588999,-.58225,1.0915999,.25483999,4.8502998,-.027930999,.28426999,.34149,1,2,4,10,6
18,13,.002998,.20697001,2.2565999,1.2014,5.3039999,-.19806001,.59862,-.69379002,2,3,4,14,9
18,14,.00038275999,-1.3078001,-.62199003,-.43063,3.4547,-1.6317,-2.2383001,-.90048999,1,1,2,6,2
18,15,.00020997001,.01898,.91430998,-.59601003,5.3712001,.21906,2.1933999,-.32881001,2,3,4,5,9
18,16,.19870999,2.4057,-1.5536,2.1945,5.5928001,.87017,-2.3055,1.0883,3,4,1,15,11
18,17,.00021090001,.71291,-.0061352998,.87142003,6.3048,1.6273,.020261001,1.852,3,4,2,13,15
18,18,.0014176,.44013,.67426002,.82776999,4.2237,1.2414,-1.6136,-.31626999,3,3,3,13,4
18,19,.000017785,-.22663,-2.2451999,-4.1673002,4.9667001,.43654999,-.039981,-2.3657999,2,2,1,1,7
18,20,.010627,2.5811999,-.71709001,1.9366,7.4064002,.72733998,1.1045001,.39949,3,4,1,15,19
19,1,.000051206,-.49891001,-1.0483,-1.4175,6.2308998,.29899999,.47729,.39807001,1,2,1,2,14
19,2,.0040199999,-.73800999,.64152002,-.69865,4.3150001,-1.4618,.41145,-.55974001,1,1,3,4,4
19,3,.0052284999,.16844,-1.3334,.33127999,5.1166,.11952,-1.1285,.59719998,2,3,1,10,8
19,4,.0049168998,.61193001,-1.8638999,-1.2419,5.1181002,.46441999,-2.1440001,-.28202999,3,3,1,2,8
19,5,.00038077999,-1.1302,-.10755,-1.7517999,6.2136002,-.75774997,1.4463,-.98404002,1,1,2,1,14
19,6,.069054998,.90869999,.98723,.20882,6.4618001,1.103,.44753,-.13860001,3,4,4,10,15
19,7,.000026247,-.60557997,.28788999,.42273,5.9569001,-.49276,-1.0393,.90293998,1,2,3,11,13
19,8,.00052423001,-.95679998,.58297998,-.70604998,4.6925998,-.32135999,-1.4635,-1.1461999,1,1,3,4,5
19,9,.000095563999,-.7076,-1.2177,-1.396,4.6300001,-1.1307,-.61505002,-.98368001,1,1,1,2,5
19,10,.0011249,.013659,-.071419001,-1.4281,5.1506,1.5173,.51354003,-.32995,2,3,2,2,8
19,11,.0010310001,.12582,-.50076002,.91446,7.3084998,.74904001,-.64811999,1.7575999,2,3,2,13,18
19,12,.0041435999,.28862,1.5982,1.2858,7.2220998,.79518998,1.0221,.33103001,2,3,4,14,18
19,13,.000021690999,-.86399001,.90254003,-.11647,7.1889,.93335003,1.215,.79769999,1,1,4,8,18
19,14,.00077853998,.11954,-.48179001,-.61482,6.7911,-.32179001,-.64581001,.26030999,2,3,2,5,17
19,15,.000017730999,-1.0499001,-.14598,-1.054,7.7112002,.86988002,1.4903001,1.8348,1,1,2,3,19
19,16,.0001949,-1.028,.70503998,.093019001,6.1279001,.51827002,1.4439,1.4073,1,1,4,9,14
19,17,.0015181,.16179,1.4121,.16685,6.6609001,1.2441,1.4875,.027057,2,3,4,9,16
19,18,.0095256995,.61405998,.18324,-.12647,6.0142999,-.43360001,-.21635,-.55287999,3,3,3,8,13
19,19,.000062321997,-.13681,-.50098002,-1.3158,8.0942001,1.0369999,.22752,.38988999,2,2,2,2,20
19,20,.016581999,.86137003,.56068999,.50709999,5.625,.033519,.23966999,.069503002,3,4,3,11,11
20,1,.00064717,-1.6691999,-.61861998,-2.6689,3.5035999,-.44225001,-.91390997,-.31059,1,1,2,1,2
20,2,.00080285,-.72667003,1.862,1.3946,5.5292001,.57010001,-.036247,-.036513999,1,1,4,14,11
20,3,.000010669,.3105,.12434,-.79934001,7.2782001,1.8909,1.0033,.92584997,2,3,3,4,18
20,4,.0085917003,.77960002,-.77798003,-.35723001,4.1061001,.49228999,-.037039999,-1.0402,3,4,1,6,3
20,5,.000085034997,-.95324999,-.42783001,-.42824,5.2557998,-.99618,.31126001,-.39594999,1,1,2,6,9
20,6,.0019991,.081031002,-.39826,.55431002,4.0176001,-1.8171999,-.13322,-.53955001,2,3,2,11,3
20,7,.026474999,1.9045,-.47825,-.91597998,6.1831999,-.18251,-.0022646,-2.2937,3,4,2,3,14
20,8,.00013234001,-.50206,-.46009001,-1.465,5.1933999,.35767001,.17434999,-.47130001,1,2,2,2,8
20,9,.0026974999,.83851999,.093718998,.82617998,6.0091,.46607,-.26831001,.3353,3,4,3,13,13
20,10,.00029836001,-.80295002,.62954003,1.0846,5.1423998,-.18207,-1.1704,1.1075,1,1,3,14,8
20,11,.000035255001,-1.9437,1.6711,-.1575,5.9074001,-1.4321001,1.3346,-.76863003,1,1,4,8,13
20,12,.00025375999,-1.2546999,-.018074,-.26644999,5.1550002,-1.8008,.27807,-1.0930001,1,1,2,7,8
20,13,.00031787,-.73193002,-.40119001,-.70152003,3.8001001,.162,-1.4256001,-.89963001,1,1,2,4,2
20,14,.00040419999,-.23453,1.1514,.95299,5.6258001,1.2815,.057231002,.50866997,2,2,4,13,11
20,15,.0023775999,.74304998,.19572,.98736,6.5086999,-.0038680001,1.5325,1.5971,3,4,3,13,16
20,16,.15489,2.6733999,-.44284999,.55984002,5.4127998,.23841999,.85513002,-.3497,3,4,2,11,10
20,17,2.3324001e-06,-.92021,.10509,-.34663999,6.8118,.75340003,-1.1759,.093544997,1,1,3,6,17
20,18,.0048094001,1.0645,.64745998,.023597,5.5941,.83622998,1.1662,-.24676,3,4,3,9,11
20,19,.000058086,-.63249999,1.4826,.58345997,6.1272001,.54896998,.61155999,.33813,1,2,4,12,14
20,20,.00070733001,1.0328,-.23948,1.0915999,7.0514002,.92146999,-.78182,.30553001,3,4,2,14,18
20,21,.28834,1.9478,.086799003,.48036,5.1966,.95876002,-.39916,-1.2206,3,4,3,11,8
21,1,.0033201,-.10313,-.42221001,.42366999,4.6142998,-.36596,.096758999,-.42817,2,2,2,11,5
21,2,.00022417,-.12820999,-.014015,.12193,5.2298002,-1.175,-.77155,-.24592,2,2,2,9,9
21,3,.0012315999,-.25839999,-.75546002,-.54939997,3.9064,-.83204001,-.95074999,.014666,2,2,1,5,3
21,4,.0051830001,.43149,.27748001,-.29843,5.3951001,-.1974,.92764002,-.49412,3,3,3,7,10
21,5,.00010007,-.77733999,1.6425,.58732998,5.8664999,.11666,-.026767001,-.93855,1,1,4,12,12
21,6,.0054637999,-.080275998,-1.1306,-2.7428999,3.7277999,1.0776,-.46436,-1.0068001,2,2,1,1,2
21,7,.00038563,.66237003,.41407001,-.62747997,6.2817001,1.8535,.48320001,-.52025002,3,3,3,5,15
21,8,.00042068001,-.39978999,-.31092,-.40656999,6.1873002,.052988,.72706002,.32295999,2,2,2,6,14
21,9,.00064237998,-.77798003,.48574999,.12833001,5.4299998,-.019618001,.079458997,.069753997,1,1,3,9,10
21,10,.18406001,1.0111001,.32196999,.87067997,4.6747999,1.062,-1.38,-.50861001,3,4,3,13,5
21,11,.000057532001,-1.8922,-.047703002,.68185002,4.5074,-2.0381999,-1.0915999,.61028999,1,1,2,12,5
21,12,.0001608,.095582999,-.94246,-.33634999,6.9713998,.23228,1.233,1.8664,2,3,1,6,17
21,13,.00022722001,-.32144001,1.436,.096323997,6.0026002,.16771001,1.624,-.46810001,2,2,4,9,13
21,14,.00037108999,-.25746,-.35145,.37428001,5.4348998,-.27026001,-1.4589,.25498,2,2,2,10,10
21,15,.0014454999,-1.073,.16593,-1.3563,4.2161999,-1.3471,-.54949999,-1.6594,1,1,3,2,4
21,16,.0013453,.31753999,-.84951001,-1.03,5.7089,-.075898997,.36032,-.68274999,2,3,1,3,11
21,17,.035057999,-.20183,.22474,.62560999,3.7351999,-.67289001,-.0041887001,-.74167001,2,2,3,12,2
21,18,.00057859998,-.54593998,.67706001,-.33798,5,.55700999,.014386,-.00041840001,1,2,3,6,7
22,1,.00029562,-1.7237999,1.5377001,1.4481,4.4660001,-1.6621,-.86110002,.39392,1,1,4,14,5
22,2,.000046489,-.44997001,.12356,-1.0339,5.7488999,.60513997,.43533999,.22131,1,2,3,3,12
22,3,.00049886998,.75564998,-.44376999,.74203998,6.027,-1.6556,-.11029,-.54293001,3,4,2,12,13
22,4,.0035707001,2.0627,.19472,.39555001,7.9622002,1.3418,.92502999,-.16067,3,4,3,11,20
22,5,.022462999,.72513998,.79157001,1.9898,5.3944001,.46495,-.73278999,1.1381,3,4,4,15,10
22,6,.0026805999,.68676001,.65486002,.71566999,5.4366002,-.59099001,.39315,-.1373,3,4,3,12,10
22,7,.0092661995,.81423002,-.12229,.098586999,5.4693999,-.2076,-.12335,.51968998,3,4,2,9,10
22,8,.00020323999,-.05167,-.94687998,-.017279999,4.9658999,-.59009999,-1.5686001,-.24756999,2,3,1,8,7
22,9,.0027030001,.11952,-.72174001,.39010999,4.3167,-.67497998,-.013944,.43031999,2,3,1,11,4
22,10,.26045001,2.6591001,.2018,.62726998,5.6384001,1.3726,1.5266,.095255002,3,4,3,12,11
22,11,.017751999,1.4960999,1.1594,.44045001,5.9513001,-.90182,1.2792,-.49877,3,4,4,11,13
22,12,.00078766001,-1.2862,1.6844,1.1691,3.8232999,-.88888001,.1075,-.54053998,1,1,4,14,2
22,13,.000019842,-1.7357,.40656999,-.49184,5.2000999,-.37851,-.10756,.089175001,1,1,3,5,8
22,14,.015311,1.4957,-1.2566,2.5795,5.5771999,-.55461001,-1.9362,.94371998,3,4,1,15,11
22,15,.0024935999,2.1115999,-1.2189,-.10304,7.5,2.2460999,1.0334001,.84283,3,4,1,8,19
22,16,.0078323996,1.1128,-.23456,1.6659,6.2476001,-.34735999,-.32084,.79672003,3,4,2,15,15
22,17,.0088616004,.71864003,-.078289002,1.6674,4.4492998,-.55194998,-.66384,.50413001,3,4,2,15,5
22,18,.0039574001,.14521,-.97514999,.43673,4.6803002,-.1121,-1.5805,-.2106,2,3,1,11,5
23,1,.000059138001,-1.0894001,-.40465,-.99431998,5.5521998,.25312001,-.016096,-.12488,1,1,2,3,11
23,2,.00025367999,-.67054999,-1.0470999,-1.5951999,5.1152,1.0628999,-.37121999,.90347999,1,2,1,1,8
23,3,.00027963999,-1.4619,-.0027824,-1.1312,2.7613001,-.60312003,-.57440001,-.85034001,1,1,2,3,1
23,4,4.8432998e-06,.53750998,-.19124,-.70099002,8.0134001,-.50463998,2.3857,.43921,3,3,2,4,20
23,5,1.3013999e-06,-.065646,-.43165001,-1.3506,9.0629997,.79943001,.70499003,-.24586999,2,2,2,2,20
23,6,.22482,1.9822,-2.0881,-.30329001,5.3906999,.41975999,-1.3434,-1.0276,3,4,1,7,10
23,7,.026520999,.67407,-.1807,.41848001,5.0637999,.98602998,.45045999,.74361998,3,4,2,11,8
23,8,.002169,1.7415,-1.6926,-.31793001,6.6799002,-.36603999,.21749,-.91011,3,4,1,6,16
23,9,.00017057,-.11087,.58186001,.43834001,6.4094,.064046003,-.58130997,.3601,2,2,3,11,15
23,10,.00091434998,.36089,-.44145,-.85768002,5.1389999,1.4039,-.55092001,-.2318,2,3,2,4,8
23,11,.030325999,-1.4816999,1.3629,-.10827,1.6743,-1.7694,-.87746,-2.3062999,1,1,4,8,1
23,12,.077694997,1.2467,1.5836,1.3981,4.6942,-.40774,1.5452,-.81669003,3,4,4,14,6
23,13,.0071803001,.56590003,-1.5342,.15042,5.0962,.88243997,-1.6668,.27935001,3,3,1,9,8
23,14,.0046049999,.90863001,-.21292999,1.6959,6.2220998,.0032192001,-.48144999,1.3792,3,4,2,15,14
23,15,.0060120998,.28205001,-1.0452,-.19975001,3.9260001,-1.6923,-.10237,-.40628999,2,3,1,7,3
23,16,.011515,.90565997,1.1459,.53499001,6.0936999,1.113,1.6682,.41762999,3,4,4,11,14
24,1,.02967,1.4535,-1.4118,-.82884002,4.9025002,-.35951999,-.77537,.16982,3,4,1,4,7
24,2,.028186001,-.56229001,-.93774998,-1.3705,3.2028,-1.2799,-1.7379,-1.4658,1,2,1,2,1
24,3,.00033944999,.039652999,.21991,-.17181,5.8627,-.3813,-.066136003,-.81247002,2,3,3,8,12
24,4,.0016803,-.63107997,.68002999,.83605999,6.0401001,.58616,.027386,1.1296999,1,2,3,13,13
24,5,2.7294000e-06,-.83069998,-.32319999,-.56387001,7.7279,-.49225,.45607999,.70861,1,1,2,5,19
24,6,.02265,.13034999,.99510998,.64543003,3.9117,-1.3539,.79991001,-.39559999,2,3,4,12,3
24,7,.030758001,.33352,-2.5100999,-.72702998,2.7988999,-1.1767,-1.2987,-.30326,2,3,1,4,1
24,8,.023945,.25472,.88582999,1.3615,6.0190001,-.60004002,.17473,.11787,2,3,4,14,13
24,9,.0028597999,.32943001,.24105,.50844002,7.1188998,.51555002,-.054386001,1.1378,2,3,3,11,18
24,10,.0046867002,.99596,.56475002,1.4989001,6.3122001,1.189,.26712,.59693003,3,4,3,15,15
24,11,.055112999,2.0790999,.10846,1.1375999,7.7915001,2.5692999,.57107002,.80436999,3,4,3,14,20
24,12,1.7376000e-06,-1.4692,1.4565001,-.080793999,7.6859999,-.38376001,1.9915,1.6741,1,1,4,8,19
24,13,.013101,1.5555,1.8558,.68822002,8.5417004,1.1382999,1.8133,-.24896,3,4,4,12,20
24,14,.00061162002,-.31975001,-.93071002,.2608,5.3804002,-.024855001,-1.724,.59618998,2,2,1,10,10
24,15,.00042865999,-.47975001,.82209003,.02469,5.3669,.52798998,-1.2834001,.57586998,1,2,4,9,9
25,1,.000013913,.17378999,-.20142999,-.75125003,7.1367998,.26212999,1.0930001,.60724002,2,3,2,4,18
25,2,4.9056998e-06,-2.0948999,.59237999,-1.3081,5.2947001,-.45313999,1.2635,.52735001,1,1,3,2,9
25,3,.013033,1.4514,-1.3940001,.16365001,4.7683001,.68375999,-.74431002,-.16053,3,4,1,9,6
25,4,.000091203001,-.41964999,-.66733998,-.042835001,6.5105,-1.0005,-.50199997,1.02,2,2,2,8,16
25,5,.000010841,-.24752,.061310001,-.066742003,6.8509002,1.3932,.014194,-.50431001,2,2,3,8,17
25,6,1.3514000e-06,-1.7783999,.59548002,1.3383,5.9078002,-.87958997,.69537997,.84464997,1,1,3,14,13
25,7,.00034197001,-1.2016,.59678,-.030282,4.9793,-.27085999,-1.2788,.021845,1,1,3,8,7
25,8,.044721,1.5711,.45859,.31806999,4.5444002,.79360002,.31490999,-1.482,3,4,3,10,5
25,9,.00095025997,1.1749001,.52605999,.17352,5.8934002,1.1208,-.23468,-.24312,3,4,3,9,13
25,10,3.8960002e-06,-1.8796,1.3951,-.66119999,6.6329002,-.54473001,.90302998,-.48216999,1,1,4,5,16
25,11,.00021691,.27632999,.21063,-1.4039,5.4562001,1.1552,1.0951999,-1.1876,2,3,3,2,10
25,12,.29929,1.6359,2.2621,.68937999,5.4597998,2.1219001,1.3214,-1.9866,3,4,4,12,10
25,13,.23528001,1.7334,-2.3578999,-1.9642,3.3520999,.86765999,-2.0636001,-2.3961999,3,4,1,1,2
25,14,.0011138,.49992001,.59788001,-.051401,4.7280998,.66074997,.80713999,-.15568,3,3,3,8,6
25,15,.0054509002,-.74861997,-.40474001,-.44632,2.8434999,-1.3748,-1.8681,-1.2021,1,1,2,6,1
25,16,.0016245,.23238,1.6837,.92822999,5.3706999,-1.0464,.89118999,-1.7431,2,3,4,13,9
25,17,.000080616999,-.94177002,-.40171,.52517998,4.0482001,-1.0503,-1.2115,.12385,1,1,2,11,3
25,18,4.0061000e-06,-.64398003,-.11536,.74220997,8.1506004,-1.0872,.39849001,1.3499,1,2,2,12,20
25,19,.0024879,.89384001,-.57381999,-.20777,5,.55343997,.17992,-.48392001,3,4,2,7,7
26,1,.012762,1.5217,-.019533999,-1.3497,5.4847002,.76551998,-.13461,-2.8108001,3,4,2,2,10
26,2,.00097805995,.20497,.15929,-.50263,5.2659001,.85448998,-.21944,.064199001,2,3,3,5,9
26,3,8.1221997e-06,-2.1921,1.2689,-1.3564,4.9439998,-.9982,.63837999,-.18175,1,1,4,2,7
26,4,.0083777998,1.1114,-.81221002,-.83741999,5.0102,-.69929999,.090834998,-1.4078,3,4,1,4,7
26,5,.000056633999,-.20273,.56774002,.068563998,7.046,.56058002,1.0624,.90972,2,2,3,9,18
26,6,.011468,.96473002,-1.0276999,.23641001,4.5300999,-.63854998,-1.0092,-1.2672,3,4,1,10,5
26,7,9.8086002e-06,-1.0656,-.24005,-.22799,6.7093,-.11471,-.35539001,.75026,1,1,2,7,17
26,8,.000027476999,.024682,.22498,.36805999,7.1325002,.047747999,.90130001,.91233999,2,3,3,10,18
26,9,.00043168,-.29438001,2.0541999,1.8207,6.8161998,.18088,-.10644,.064386003,2,2,4,15,17
26,10,.00014193,-.34189999,.84908003,.25534001,6.4176998,-1.142,1.1565,.092033997,2,2,4,10,15
26,11,.0011395999,.67379999,-1.2329,.62932998,5.1778998,-.16937999,-.41363001,.43790999,3,4,1,12,8
26,12,.0064715999,-.46208,1.2381001,-.27649999,3.8375001,-.42635,.25088,-1.2956001,1,2,4,7,3
26,13,.00019758999,-.50962001,.74008,-1.6091,5.3871002,-.89662999,.49573001,-2.1175001,1,2,4,1,10
26,14,.036203001,.18985,-1.1489,-.66469002,3.3892,-.56709999,-1.1538,-1.6066,2,3,1,5,2
26,15,.0073861,1.207,-1.1499,.27311999,6.9685998,.52153999,-.64771998,-.18677001,3,4,1,10,17
26,16,.00021204,.12016,.080225997,.48863,7.1389999,1.7413,.31630999,1.8928,2,3,3,11,18
26,17,.00018084,-.32820001,.64999002,.91667002,6.9780998,-.67957002,.92897999,.86746001,2,2,3,13,17
26,18,.23847,1.0511,.12564,2.6277001,4.4389,-.64820999,-2.6810999,-.44854999,3,4,3,15,5
26,19,.051447999,1.7415,.43301001,.95405,5.9391999,1.8716,.78355002,.88119,3,4,3,13,13
26,20,.0011561,.66030997,2.2476001,.87979001,7.5941,1.4986,1.5096,.013463,3,3,4,13,19
26,21,.000035428999,-.43496001,.34643999,-.25319001,7.1441998,.34064999,-.12185,1.219,2,2,3,7,18
26,22,.000083993997,-1.1389,.24350999,-.62989998,5.1988001,-1.3132,-.14022,.12062,1,1,3,5,8
26,23,.0084346998,-1.1054,1.3958,.39827999,3.8008001,-1.9872,-.0037122001,-.63303,1,1,4,11,2
27,1,.0031709,1.016,-.34312001,.080109,5.8641,-.12261,.31909999,-.24311,3,4,2,9,12
27,2,.00018561,-1.4568,.76947999,.13908,4.4576001,-.51971,-1.515,-.35927999,1,1,4,9,5
27,3,.23522,.55976999,-.43292001,1.6686,2.6958001,-1.7133,-1.5311,.39899001,3,3,2,15,1
27,4,.00010169,-.54238999,.97210002,.025478,5.9475002,1.0096,-.042095002,.50365001,1,2,4,9,13
27,5,.0020981,-1.14,1.7368,.37143999,3.7846,-1.3788,.28968999,-1.097,1,1,4,10,2
27,6,.000035288002,-.52294999,-.72659999,-1.8199,5.2723999,.76569003,-.28378999,-1.3265001,1,2,1,1,9
27,7,.15325999,.21861,.92943001,-.03627,2.7390001,-1.1177,.21032,-1.5682,2,3,4,8,1
27,8,.0027495001,.95550001,-.76261997,-.046879001,7.1202002,1.6344,-.54447001,-.28084999,3,4,1,8,18
27,9,.000095921998,-.93190002,.32137001,-.53759998,5.9499002,-.49075001,-.1323,-.85782999,1,1,3,5,13
27,10,.0037684001,.68949002,.78275001,.61584997,7.5889001,1.2488,-.52740002,-.29549,3,4,4,12,19
27,11,.018469,2.1111,-2.1770999,-1.432,7.2319002,.28999999,.56471002,-.9939,3,4,1,2,18
27,12,.000093164999,-.86303997,.68985999,.58772999,6.9825001,-.36153001,.77089,-.17113,1,1,4,12,17
27,13,.00015122,-.21134,.020989001,.42397001,5.7751999,-.65009999,.20085,.56371999,2,2,2,11,12
27,14,.093203001,-.60382003,-.25461999,-.59231001,1.8666,-1.3975,-.99185997,-1.3194,1,2,2,5,1
27,15,.00068348,.91232002,-.51832002,-.38547,7.5,.67558998,-1.4687001,-.81966001,3,4,2,6,19
28,1,.0013076999,-1.4349999,.82433999,.76788002,3.4057,-1.5457,-.77882999,.026075,1,1,4,13,2
28,2,.000036997,.45826,.50436002,-1.0581,6.9264998,.25549001,1.2363,-.56147999,3,3,3,3,17
28,3,.000013368,-.047869001,.044362001,-.25977999,7.1223998,1.3523999,-.7579,-.44286001,2,3,3,7,18
28,4,.30296999,1.5206,1.2219,2.5125,5.1796999,-.015997,-1.4105,-1.3075,3,4,4,15,8
28,5,.00096162001,-.0058161002,.015563,.38146999,4.3162999,-1.1727,-.080839001,-.29225999,2,3,2,11,4
28,6,.0010577,.13258,.82766998,.91433001,6.2428999,.56730002,1.1335,.44082001,2,3,4,13,14
28,7,.0028569,.87409002,-1.2471,1.1748,5.2736001,.27011001,-.91930002,1.7598,3,4,1,14,9
28,8,.00050199003,.28108001,1.0015,.12546,5.6083999,1.9141999,1.0598,.71473998,2,3,4,9,11
28,9,.10203,1.9672,-1.3669,.067390002,5.8674998,1.302,.44569999,-.78021997,3,4,1,9,12
28,10,.00017593001,-.28490999,-.67883998,.11306,5.3133001,.35124001,-.43221,1.3494999,2,2,2,9,9
28,11,.000018653,-.39467999,.15482,-.29655001,6.2518001,.95644999,-.28586999,.25946999,2,2,3,7,15
28,12,.0015829999,-.11742,-.28145,2.4396999,5.2399998,-1.4439,-1.1655,.7493,2,2,2,15,9
28,13,.0091599999,.17050999,.32611001,.46559,4.2498999,1.4108,-.63112003,.010267,2,3,3,11,4
28,14,.045028001,-.35066,.81307,1.9978,2.9535,-1.7147,-.28538999,-.22781999,2,2,4,15,1
28,15,.000048316,.83906001,-.99505001,-.70652002,6.7412,.64134997,-.19035999,.14754,3,4,1,4,17
28,16,.00037269999,.38137001,1.1813,1.8654,6.875,.74779999,1.9419,.36445001,2,3,4,15,17
28,17,9.2505998e-06,-1.2319,1.0235,-.58245999,6.3495002,-.16865,.32955,-.42512,1,1,4,5,15
29,1,.000045518002,-.50836998,.11824,-.27638999,6.6059999,.0096717002,-.74712998,.55623001,1,2,3,7,16
29,2,.0035741001,.81203002,.27292001,.68044001,6.2989998,.68752998,.78851998,.21659,3,4,3,12,15
29,3,.00080207002,.29216999,-1.3477,-.21706,5.3912001,.30520999,.15110999,.86580998,2,3,1,7,10
29,4,.000049648999,-1.1089,-.21986,-.86425,5.3800998,.42225999,-.38798001,-.042424999,1,1,2,4,10
29,5,.026221,1.3055,-.96652001,.077182002,6.4875998,-.022224,.59499002,.015504,3,4,1,9,16
29,6,.019187,-.40147001,-1.7832,-1.9793,2.1982999,-.62421,-.83907998,-1.6508,2,2,1,1,1
29,7,.093376003,.47929001,.26556,.47808999,3.5799999,.41822001,-2.2788999,-1.1713001,3,3,3,11,2
29,8,.00023164001,-.84890997,.38771999,.039076,6.4326,-.48274001,.57604003,1.9572999,1,1,3,9,15
29,9,.0023997,.71679002,.54233998,.82822001,6.2979999,-.40237999,1.5056,.78744,3,4,3,13,15
29,10,.00039530999,-.29093999,.31617999,.24673,5.8383002,-.041827999,.2983,.12921,2,2,3,10,12
29,11,.081588,1.9619,-.059190001,1.1344,7.2533002,.98123997,.56488001,1.3245,3,4,2,14,18
29,12,.00090152997,.55554003,.50261003,.29335999,6.2182999,2.1036999,1.0254,.45328,3,3,3,10,14
29,13,.00010713,-.80229998,.63287002,-.76929998,6.4538999,-1.1964999,1.1593,-.15458,1,1,3,4,15
29,14,.000083088999,-.73335999,.12591,-.56476998,5.3976998,.92158002,-1.6029,.16053,1,1,3,5,10
29,15,.00021437,-.28511,-.59790999,-.74172997,5.3704,-.39570999,-.97141999,.45262,2,2,2,4,9
29,16,.00032321,-.72473001,.089872003,-.66488999,4.6557002,.63371003,.099321,.25310001,1,1,3,5,5
29,17,.00041311001,-1.0879,-.52744001,-1.7617,4.6812,-.66174001,.61444002,-.35431001,1,1,2,1,5
29,18,.00057112001,-.55956,-.017890999,-.98462999,4.2019,.030772001,-.66046,-.60275,1,2,2,3,4
29,19,.0019368,-.28527001,1.0671,-.35027999,4.0204,-.60773998,.39326,-.99383998,2,2,4,6,3
29,20,2.8111999e-06,-.9461,1.3112,-.38817999,6.7645001,.17324001,.81559002,-.61926001,1,1,4,6,17
29,21,.000042444,-.58219999,.98688,-.55049002,6.6124001,.41753,.89175999,-.032558002,1,2,4,5,16
29,22,.00057189999,-.64256001,.041988,-.69641,4.3042002,-.99588001,.093208,-1.1549,1,2,2,4,4
29,23,.0010268,-.22043,1.2638,-.2735,5.8099999,.84245998,1.4244,.38986999,2,2,4,7,12
29,24,.0070704999,.78223002,1.1357,1.0176001,6.875,-.23396,1.0343,.74048001,3,4,4,14,17
29,25,.00034673,-.072820999,-.11927,-.46452999,5.8972998,.19766,-.40874001,.38923001,2,2,2,6,13
30,1,.00019784999,-.050928999,.21924999,.10082,6.2396002,-.34751001,.18321,-.38086,2,3,3,9,14
30,2,.0022427,.28613999,.87131,.35600001,6.1029,-.66176999,1.0016,-.19837999,2,3,4,10,14
30,3,.30783001,1.5069,-.95240998,-1.1403,4.0082002,.89256001,-.43652999,-1.2246,3,4,1,2,3
30,4,.00034965001,-.45771,.48591,2.5425,6.6929998,-.038585,-1.1937,2.0938001,1,2,3,15,16
30,5,.000030503001,.016357999,.30583,.19351999,7.8614001,1.6603,1.7464,1.2464,2,3,3,10,20
30,6,.00039474,-1.2476,-.46351999,-1.548,4.3390999,-1.0516,.18442,-.20942999,1,1,2,2,4
30,7,7.4752002e-06,-1.1689,.61377001,-.29609999,5.8062,.18396001,-.63523,.67628998,1,1,3,7,12
30,8,4.2592001e-06,-1.8414,-.035772,-.069890998,5.9878001,-1.261,-.11684,1.3019,1,1,2,8,13
30,9,.0053460998,.95818001,-.79113001,.017134,5.7047,.0038971,-.45194,-.27787,3,4,1,8,11
30,10,.0079624001,.77557999,-1.1089,.23375,5.7639999,1.0695,-1.3644,.54039001,3,4,1,10,12
30,11,.00081355002,.15527,-.70253003,-1.5183001,5.3045998,.40942001,-.77739,-1.743,2,3,1,2,9
30,12,.0094726002,.71920002,-.31755,.088990003,5.8032999,-.36485001,-.33206001,-1.4282,3,4,2,9,12
30,13,.023922,.96012002,.12424,1.2767,6.0416999,.76446998,-.35427001,-.087139003,3,4,3,14,13
30,14,.00029528001,-.021127,.76578999,-.84324002,5.7628002,1.8836,.73967999,-1.0179,2,3,4,4,12
30,15,.027195999,.53306001,.51051003,-.34020001,3.8415999,-.32376999,-.18051,-2.3670001,3,3,3,6,3
30,16,.0025049001,.75410002,-1.5371,-.40404001,5.5728998,.61606997,-.45063001,-.46834999,3,4,1,6,11
30,17,.00020379,.16139001,.37832999,-1.0885,6.2374001,.74800003,.2807,-1.6477,2,3,3,3,14
31,1,.00062554999,.42743999,-.4628,.48298001,6.5324001,1.0115,.32299,1.178,3,3,2,11,16
31,2,.12036,.26381001,-1.1038001,-.18573999,1.6374,-.92396998,-1.6954,-1.8969001,2,3,1,7,1
31,3,.10595,1.8068,-.48787999,.6214,6.6377001,1.6166,-.28959,.70932001,3,4,2,12,16
31,4,.010656,.053406999,.45651999,.33564001,4.3379998,-1.2452,-.63796002,-1.2418,2,3,3,10,4
31,5,.001289,.29662001,.28737,-.7141,5.7729998,.32459,1.0201,-1.3726,2,3,3,4,12
31,6,.035257,1.4766001,-.87682003,1.26,4.4021001,.26506001,-.60010999,-.0093775,3,4,1,14,5
31,7,.010404,-.8319,1.0737,.44119999,3.2742,-1.4554,.22724999,-.93987,1,1,4,11,2
31,8,.0010286,-.0066713998,.65158999,2.6001999,6.4530001,-1.3583,.34525001,1.4904,2,3,3,15,15
31,9,.00024808999,-.44356,.99599999,1.0470999,6.4658999,1.0283999,.32253,.32993001,2,2,4,14,15
31,10,.00069214997,-.25079,.043735001,-.054276001,5.4745002,.21466,-.40485001,.24611001,2,2,3,8,10
31,11,.0018558,-.61028999,-.053156,.66723001,4.8492999,.17219,-1.1912,1.8987,1,2,2,12,6
31,12,.010815,1.1997,-1.2724,-1.8815,5.0493002,1.8200001,.95736003,-1.2249,3,4,1,1,8
31,13,5.9201002e-06,-.74892002,.44174001,-.37084001,8.5141001,1.2394,.28690001,.62102002,1,1,3,6,20
31,14,.0012991,.5302,-.73356003,1.1283,6.1121001,1.5164,-1.2995,2.4194,3,3,1,14,14
31,15,.00038201999,-.10311,-.040915001,.91070002,5.2585001,-.75178999,.37553,1.0608,2,2,2,13,9
31,16,.0072272001,-.81259,.56426001,.89490002,2.8208001,-1.5263,-1.5467,.12616,1,1,3,13,1
31,17,.00015575001,.26536,-.84658003,.055282,6.1756001,.59394997,-1.6407,.20993,2,3,1,9,14
31,18,.0021764999,1.063,-.67918998,.60202003,7.1350999,.80374998,.090218998,1.2162,3,4,2,12,18
31,19,6.8924001e-06,-1.6675,-.093190998,-.62774998,4.9078999,.11368,-.70600998,1.6059999,1,1,2,5,7
31,20,.000015473999,-.56647003,-1.451,-.065785997,5.5222998,-1.0154999,-.45565999,.29938999,1,2,1,8,11
31,21,.012471,1.6941,.214,.26506001,6.6666999,.64226002,2.1417,-1.0782,3,4,3,10,16
31,22,.051603999,.81277001,-.34090999,1.3075,4.2698998,1.349,-1.1127,1.9042,3,4,2,14,4
31,23,.0058980999,-.62638998,.30684,-.92139,3.6561999,-1.0579,.32100001,-.83341002,1,2,3,3,2
32,1,.22807001,-.21036001,.83117002,-.2042,2.4519,-.40627,-.28856,-1.2354,2,2,4,7,1
32,2,.089743003,2.2757001,.48144001,2.1043999,8.7312002,1.0647,.44226,.77292001,3,4,3,15,20
32,3,.000096222,-.48436001,-.38279,.6135,5.9664001,.64822,-.36722001,1.4852999,1,2,2,12,13
32,4,.00055452,-.40318999,-.068499997,-.34384,6.7462001,.35018,.59530002,.22237,2,2,2,6,17
32,5,.00061018002,-.91426003,.086055003,-.43043,4.0408001,1.1942,-.79078001,.53965998,1,1,3,6,3
32,6,.003857,.58524001,.38196,.77380002,5.6617999,-.59706002,.88369,-.40377,3,3,3,13,11
32,7,.013792,.46783999,-1.8221999,.55091,3.7158,-1.6378,-2.8418,-.13451,3,3,1,11,2
32,8,.010169,1.386,-.4434,.17028999,6.2277999,1.1949,-.23074999,.30425999,3,4,2,9,14
32,9,.00022334,1.0438,-.51723999,-.11587,8.3121004,.17611,.51207,-.24676999,3,4,2,8,20
32,10,.0021498001,-.63459003,1.5144,1.3564,5.0925002,-2.0102999,-.27009001,.10218,1,2,4,14,8
32,11,.00023758999,-1.1384,-.49836999,-.33202001,3.4238999,-.94357002,-1.1464,-.60089999,1,1,2,6,2
32,12,.0020999,-.86334997,-1.2663,-1.1247,3.1431,-.086015001,-2.395,-1.3721,1,1,1,3,1
32,13,.0023242,.64082003,-1.2304,-.92110002,5.5016999,.65513998,-.15290999,-.71946001,3,3,1,3,10
32,14,.00022688,-.55115002,.32878,-.59464002,4.7189999,-1.1078,.34165001,-.85478002,1,2,3,5,6
32,15,.019309999,.61167002,-.77898997,-1.8923,3.6596999,.25814,.025707001,-1.6798,3,3,1,1,2
32,16,3.5912001e-07,-2.5023,.70006001,-.85679001,5.9548998,-.82265002,.39602,.87286001,1,1,4,4,13
32,17,.033967,1.4273,-.82380998,-.52947003,5,.18764,-.41760999,-2.4064,3,4,1,5,7
32,18,.00045121001,-.56086999,-1.2565,-1.2536,5.6609998,-1.1073999,-.74675,.062013,1,2,1,2,11
32,19,.0038805001,.53983998,.055833001,.63748002,5.2385001,-.41653001,-.98430997,-.62414998,3,3,3,12,9
33,1,.010363,-.22655,-.68594998,-.49287999,4.1445999,-1.4298,.0072630998,-.70179999,2,2,1,5,3
33,2,.000087706998,-.64806002,.60118997,-.036873002,5.7835999,-.47615001,.035530001,-.77866,1,2,3,8,12
33,3,.00015686,.70560998,-2.7248001,-.25229999,6.3340001,1.9505,-1.6677001,2.2679999,3,4,1,7,15
33,4,.28358001,2.8110001,-1.4466,.42054999,6.1183,1.0303,-1.6552,-1.2933,3,4,1,11,14
33,5,.0055105998,-.77859002,-1.1461,-.93822998,2.9030001,-1.3145,-1.7027,-.80879003,1,1,1,3,1
33,6,.00051265,.21261001,.52919,1.9450001,6.0900998,.45956999,.27274999,2.2871001,2,3,3,15,14
33,7,.0013616,-1.0486,-.57625002,-1.2282,3.1621001,.75221002,.60922998,-.30135,1,1,2,2,1
33,8,.0096562002,-.32953,.92039001,1.469,5.1813002,-.92457002,-.35341001,1.3025,2,2,4,15,8
33,9,.000031389998,-1.8177,-.447,-.52408999,4.9045,-.90912002,-.76567,.50595999,1,1,2,5,7
33,10,.0015119,-.2139,-.23842999,-1.1099,4.566,1.0597,-.44547001,-.33276999,2,2,2,3,5
33,11,.00011244,-.26089999,-.1778,-.99492002,6.7649002,.97883999,.072544999,-.33186001,2,2,2,3,17
33,12,.00060956,1.4552,-.39023,1.8516001,8.5839005,.95305002,.91273999,1.5792,3,4,2,15,20
33,13,.0015257,1.2028,.28261,.24052,7.6437001,1.6,1.5319,-.027729001,3,4,3,10,19
33,14,9.3580002e-06,-.81528997,.16085,-1.0391001,6.0345001,-.25942001,.30632001,-1.0618,1,1,3,3,13
33,15,8.6890996e-06,-.97443998,-.011373,-1.3348,7.0211,-.47009999,.099131003,-.58056003,1,1,2,2,17
33,16,.000013415,-.66184998,.89933002,-.61374003,9.0103998,2.3496001,2.3038001,1.6546,1,2,4,5,20
34,1,.000018831999,-1.2221,.12977,-2.2829001,6.5509,.052731,1.1539,-.27726001,1,1,3,1,16
34,2,.0013553,-.44887999,.65249997,1.0775,5.9134002,-.16184001,-.61619997,.40053999,1,2,3,14,13
34,3,.0086084995,.49823001,.35563001,-1.4809999,5.1093998,-.2703,.48894,-1.5549001,3,3,3,2,8
34,4,.000046151999,-1.2011,1.3494,-.81765002,7.2863002,1.983,1.0918,-.086401999,1,1,4,4,18
34,5,.0032086,.53312999,-2.7823999,-.86734998,4.9716001,-.16616,-2.3648,-.54642999,3,3,1,4,7
34,6,.0015567,-.25042999,-2.9863,-1.7706,3.8791001,-.44696,-2.5250001,-.34575,2,2,1,1,3
34,7,.00028010999,-1.274,.33763,.19898,4.8257999,-1.0523,-.4228,-.72371,1,1,3,10,6
34,8,.002266,.86514002,.86452001,-.24016,7.1097999,1.7519,1.281,.78425002,3,4,4,7,18
34,9,.000064049003,-.76174003,-.021740001,.0073962002,6.7863998,.086393997,-.46489,.90728003,1,1,2,8,17
34,10,.02207,.80814999,.69418001,1.0972,6.9155002,1.1199,-.32622001,.42910001,3,4,4,14,17
34,11,.0061217998,.43015999,-1.2471,-.48052999,4.1417999,-.95354998,-1.1846,-.65562999,3,3,1,6,3
34,12,.00081460999,-.19333,-.10103,-.29622,5.9607,.41051999,-1.0278,.42504001,2,2,2,7,13
34,13,.12796,1.1825,-1.9792,.032193001,3.8276999,-.52763999,-.81612003,1.1942,3,4,1,9,3
34,14,.0042011999,-.70222998,1.6127,1.0459,5.756,-1.1872,-1.6975,-1.1725,1,2,4,14,12
34,15,2.1661999e-06,-.9109,.014801,-.38271001,7.4496999,.84412998,.74365997,1.6662,1,1,2,6,19
34,16,.00020629,.039648999,.21734001,-.80653,8.5723,.75581002,1.6339999,.31729001,2,3,3,4,20
34,17,.057960998,-.73602998,-.41762999,-.045235001,2.4256999,-.63409001,-1.6931,.31998,1,1,2,8,1
34,18,.000024770001,-1.6453,.12483,-.73427999,5.2813001,-.54386997,-.063775003,-.29291001,1,1,3,4,9
34,19,.056558002,1.3687,-1.7653,-1.0532,4.9928999,.42624,-1.1029,-1.1619999,3,4,1,3,7
34,20,.0013568,-.79171002,.095279999,-.48161,4.5110002,.13098,.42387,-.1015,1,1,3,6,5
34,21,.000042252999,-.91992003,.48697001,-.27303001,6.875,-.66599,-.23569,-.19106001,1,1,3,7,17
35,1,.071074001,.66333997,1.2022001,-.078582004,4.6227002,-.26706001,.88229001,-2.4960001,3,3,4,8,5
35,2,.00054283999,.53049999,1.0312001,1.3252,9.0890999,.76396,.85830998,.52654999,3,3,4,14,20
35,3,.000077693003,-.88371998,.84797001,1.2255,5.2133002,-1.098,-.28334999,.44251999,1,1,4,14,8
35,4,.0024486999,.47849,-1.397,-.061127,5.3169999,.44126001,-1.7745,-.50444001,3,3,1,8,9
35,5,.037997,1.4196,-.048431002,-.91855001,4.8256001,1.5813,.32729,-.47652,3,4,2,3,6
35,6,8.8249999e-06,-2.1062,1.7229,-.86293,5.8351002,-.28797999,.65973002,-1.2441,1,1,4,4,12
35,7,.000029893001,-.37024,-.67583001,.59320998,6.0991998,-1.1701,-.66283,.25457999,2,2,2,12,14
35,8,.17799,.63707,.13361,.83982003,3.5125999,.051963001,.34220001,-.38376999,3,3,3,13,2
35,9,.00020056999,-.17102,-.13807,-.78789997,5.7905998,-.73299003,1.2834001,-.10004,2,2,2,4,12
35,10,.0053047999,.90210003,-1.4399,-.75566,5.7019,.87607002,.41349,.52924001,3,4,1,4,11
35,11,.062868997,.61751997,.095871001,2.0251,4.3439002,.63854003,-1.429,1.3367,3,3,3,15,4
35,12,.0024149001,-.87010002,.30224001,.56652999,3.5820999,-1.8557,-1.2582999,-.42627001,1,1,3,11,2
35,13,.0020778,-.11196,-.88880998,-.47465,4.9447999,-1.5345,-.31799001,-.0034373,2,2,1,6,7
35,14,.00010377,-.23402999,.80904001,.71845001,7.1711998,1.1203001,-.7651,1.0484,2,2,4,12,18
35,15,.0000483,-1.7279,-1.7905999,-2.1689999,3.1807001,.13268,-1.5302,.39012,1,1,1,1,1
35,16,.00044870001,-.41288999,-.041287001,-.031344,4.7638001,.25288999,-.49008,.19212,2,2,2,8,6
35,17,.000044217999,.086046003,-1.5048,-1.6123,6.8417001,-1.5279,1.0815001,.16402,2,3,1,1,17
35,18,.00090801,-.34347001,1.17,-.88366002,4.8663998,1.0932,.22103,-.88568002,2,2,4,3,6
35,19,.0013404,-.66215003,.85457999,-.31777999,5.0409002,-.48012,.94543999,-.73908001,1,2,4,6,8
35,20,.00021468,-.090836003,2.0292001,1.1984,9.6705999,-1.073,2.3368001,.82902998,2,2,4,14,20
35,21,.00072900002,-.10934,-.37264001,-.10903,5.7291999,-1.2183,.19991,-.058481999,2,2,2,8,12
35,22,.0053746002,-.53420001,.32128,-.65037,3.3057001,-.63349998,-.63314998,-1.0677,1,2,3,5,2
35,23,.00027371,-.84621,-.5625,-1.9428,3.3947999,-.33368999,-1.418,-2.3979001,1,1,2,1,2
35,24,8.4898002e-06,-1.4207,1.5089,-.50503999,6.1146998,.27208,2.7437999,.72728997,1,1,4,5,14
36,1,.00021547001,-1.5732,2.8697,-.42919999,6.2718,.019455999,2.1603999,-.70560998,1,1,4,6,15
36,2,.00013779,-.95095998,.27325001,-.37913999,5.8199,-1.0807,.54076999,-.65695,1,1,3,6,12
36,3,.002752,.45131999,1.1102999,-.18487,6.0453,2.1008999,1.0727,.041159,3,3,4,7,13
36,4,.0043476,.39205,.33324,.83519,5.8645,.083383001,1.3483,.57374001,3,3,3,13,12
36,5,.000076452001,.63679999,-2.9914999,-1.6878,6.6173,.57205999,-.20773999,.11661,3,3,1,1,16
36,6,.076384,1.3944,.90496999,2.1905999,7.4152002,1.1902,-.18254,.53803003,3,4,4,15,19
36,7,.000092934002,-1.2668999,.5909,.082083002,5.8902998,-.17535,.02255,-.31442001,1,1,3,9,12
36,8,.000030644998,-.47885999,.91342002,-.72292,6.6153998,.52416998,.21579,-.54698002,1,2,4,4,16
36,9,.00019165,-.98104,.20745,-2.3664,4.2687998,-.073675998,-.060986999,-2.0841,1,1,3,1,4
36,10,.0055791,-.51090997,-.68322998,-.74664998,4.3129001,-2.0137,.90654999,-.13267,1,2,1,4,4
36,11,.00097471999,-.19817001,.028415,-.29618999,5.4505,.91666001,.69432998,.31156999,2,2,2,7,10
36,12,.0051144999,1.1672,1.8199,.57034999,7.9166999,2.6524,.018177999,-.74001998,3,4,4,11,20
36,13,.074721001,1.3772,-2.6705,-1.6936001,4.2494001,1.9615999,-1.7737,-1.2684,3,4,1,1,4
36,14,.0069002998,.51797003,-.0012525,1.0765001,5.1485,-1.2252001,.77108997,.57884002,3,3,2,14,8
36,15,.0092380997,.57686001,-1.4111,.11061,4.2165999,-.70473999,-1.2968,-.95129001,3,3,1,9,4
36,16,.013585,-.40163001,-1.4215,-1.572,2.3803,-.92132998,-.64174998,-1.6327,2,2,1,1,1
37,1,5.9867000e-07,-2.6591001,2.5678,-1.1592,6.3729,-.15464,2.1454,-.46693999,1,1,4,2,15
37,2,.000031971998,-1.6648,1.5524,.26089999,5.3239999,-1.4204,.54132998,-.93769002,1,1,4,10,9
37,3,.0016164,.49533999,-1.9859,-.28968,4.1866999,-.69467002,.72101998,1.1217999,3,3,1,7,4
37,4,.0024109001,-.55369002,1.9848,1.4935,5.6157999,-.070294999,.18057001,1.415,1,2,4,15,11
37,5,.00012039,.76358002,-1.0831,-.95727003,6.7767,1.7952,.84947002,.0052379998,3,4,1,3,17
37,6,.000043874999,-1.152,.35857001,-.73434001,5.0281,-.84099001,-.58981001,-.67071003,1,1,3,4,7
37,7,.2802,2.3364999,-.83585,1.9533,5.4166002,.20886,-2.2090001,-.67796999,3,4,1,15,10
37,8,.00094082998,-.85101998,-.426,-.34808001,3.2944,-.92387998,-.88972998,-.19202,1,1,2,6,2
37,9,.00034473999,-1.1627001,.45728001,-.33711001,4.6712999,-.26236001,-.91443002,.63462001,1,1,3,6,5
37,10,4.0257000e-06,-.19889,.34226,-1.8312,7.3449001,.88928998,.61728001,.22843,2,2,3,1,19
37,11,.010225,.75120997,-.53662002,-.58230001,4.0149002,-.62541002,-.18221,-.96332002,3,4,2,5,3
37,12,.000024696999,-.6221,1.1023,-.19046,7.3829999,-.40812001,2.5053,1.0082,1,2,4,7,19
37,13,.0097078998,.75705999,-.53204,1.3033,4.5604,.12995,-.98979002,.19909,3,4,2,14,5
37,14,.00078664999,.19792999,.23477,-.32642001,4.5728002,.58946002,.16491,-1.6497999,2,3,3,6,5
37,15,.000044733999,-2.5618,1.5252,-2.5439999,4.0222998,-.22838999,.4752,-1.9346,1,1,4,1,3
37,16,.0017749,-.018813999,-.57593,-.28465,4.6801,-.34072,.025703,-.0084370999,2,3,2,7,5
37,17,.0036385001,.33616,1.1235,-.33377001,5.8280001,.83307999,.98491001,-1.2862999,2,3,4,6,12
37,18,.19983,1.4036,-2.5104001,2.1815,4.0496998,-1.1213,-1.4306999,2.5287001,3,4,1,15,3
37,19,.00013927001,-1.6123,.94362003,.93629998,5.2294002,-1.1167001,-.59763002,.6419,1,1,4,13,9
37,20,.0010232,-1.6835999,-1.0576,-1.2147,3.0876,-.73508,-.73326999,-.20119999,1,1,1,2,1
37,21,.00024433999,.48324999,-.13179,.57051003,6.0453,.74504,.71772999,.38139999,3,3,2,12,13
38,1,4.8369998e-06,-1.0053999,1.1595,-.14748999,8.0418997,1.6569,1.897,1.5023,1,1,4,8,20
38,2,.0026273001,-.52591997,-1.0413001,-.98898,4.4197001,-1.256,1.1773,.21162,1,2,1,3,5
38,3,.017921001,.96372998,.42447999,.65793002,7.1870999,1.2006,1.281,.78661001,3,4,3,12,18
38,4,.000018342,-1.4304,-1.6585,-1.0456001,4.9877,-1.1711,-1.186,-.078253001,1,1,1,3,7
38,5,.0087138005,.76472998,-.52976,.4237,5.3358998,.31727999,-1.6568,.94187999,3,4,2,11,9
38,6,.00087023998,.17,-1.1429,-.50317001,6.3217001,.20203,-.47617999,.067295998,2,3,1,5,15
38,7,.062717997,1.0785,-.079273999,.22476999,6.1676998,.92123002,.20562001,.06718,3,4,2,10,14
38,8,.0091126002,.88484001,-1.5039001,-1.0621001,5.3849001,-1.1540999,.354,-1.2136,3,4,1,3,10
38,9,.00070966,-.47161999,.0090573002,.77849001,5.9257002,-.72575998,-1.2397,.20492999,1,2,2,13,13
38,10,.00018601,-.77524,1.249,-.51994997,6.0328999,.92487001,.87597001,-1.2641,1,1,4,5,13
38,11,.000048762999,-.87173003,1.104,-.26519999,6.3134999,.69520998,.80326998,1.312,1,1,4,7,15
38,12,.0021855,-1.0374,.39877,2.2146001,5.553,-1.1085,-.84838998,2.0474,1,1,3,15,11
38,13,.035675,.20344999,.80700999,1.4977,5.7291999,-.93397999,.55703002,.35444999,2,3,4,15,12
38,14,.0034348001,-.63050002,.89218998,-.23615,4.1046,-.7331,.69283998,-.54400998,1,2,4,7,3
38,15,.00033730001,.33586001,.016058,.84737998,7.6176,1.3592,1.3226,1.7598,2,3,2,13,19
38,16,.000019366,-1.7387,1.7607,-.53127998,5.7346001,-.40022999,.75471997,.40017,1,1,4,5,12
39,1,.00031748001,1.0637,.64117998,1.3164001,8.0197001,1.1339,-.23259,-.37153,3,4,3,14,20
39,2,.00019216001,-1.1264,-.11017,-1.5111001,4.3789001,-.57685,.63546002,-1.0403,1,1,2,2,4
39,3,2.5569000e-06,-1.2632,-.18142,-.59059,5.2101002,-.49952,.51437998,-.1029,1,1,2,5,8
39,4,.000053862001,-.22366001,.52932,.43643999,5.3193002,-.97882003,-.31507999,-.33860999,2,2,3,11,9
39,5,.000017175,-1.5847,.63363999,2.1336999,7.2961001,-1.5704,.51779002,1.5761,1,1,3,15,18
39,6,.0020506,1.0768,.73299003,.94904,5.9986,.50357002,1.3668,1.0618,3,4,4,13,13
39,7,.00056617998,-2.1839001,3.6903999,1.3344001,5.5355,.34380001,.14394,.23287,1,1,4,14,11
39,8,.017956,-.22642,.26190001,.60500997,3.2925,-1.0441,-1.9146,-1.7756,2,2,3,12,2
39,9,.00041496,-.49704,.4084,-1.7004,3.2124,.46386001,-1.1745,-1.9485,1,2,3,1,1
39,10,.3204,.4043,-.36677,-1.4072,1.322,-.74285001,-.93695003,-3.2512,3,3,2,2,1
39,11,.000013797,.23616999,-2.0051999,-.40932,5.6487002,-.73482001,-.86918998,.73010999,2,3,1,6,11
39,12,.041570999,.087119997,.44260001,1.7194,3.6982999,-.43524,-.33127999,.75616997,2,3,3,15,2
39,13,.00047311001,-1.4827,-.44973999,-.33548999,2.677,-1.9122,-1.2618999,-.48543999,1,1,2,6,1
39,14,.38863999,2.2009001,-.096762002,.28213999,5.1041999,.65667999,-.30557001,-1.3771,3,4,2,10,8
39,15,.000095898999,.20162,.26660001,-.16525,5.8898001,-.37577999,1.1399,.30744001,2,3,3,8,12
39,16,.00010998,.66481,-1.2737,-1.0197001,5.8388,-.47372001,.74936998,.093142003,3,3,1,3,12
39,17,.0058338,1.8959,-.71720999,.84943002,6.5570998,1.5374,1.0451,.81366003,3,4,1,13,16
39,18,.000015975,-.67054999,.75784999,.48209,6.5144,-1.5658,.50954002,1.0826,1,2,4,11,16
39,19,2.2779000e-06,.12721001,.83161998,.91030002,9.4027004,-.69831002,1.427,1.4004,2,3,4,13,20
39,20,.000017925,-1.778,.80181003,-.57463002,5.0321999,-.93769002,.95994997,.79676998,1,1,4,5,7
39,21,.00076070998,.021242,-.94143999,-1.0061001,4.073,-.2096,-.025544999,-1.3239,2,3,1,3,3
40,1,.023149,1.3707,-.1661,.064636,6.3910999,.92655998,.72099,-.044282001,3,4,2,9,15
40,2,.0027260999,.2811,-.95414001,.059346002,5.5468001,-.29753,-.89081001,-.40209001,2,3,1,9,11
40,3,.00065518002,-.38414001,-.6487,.079259001,5.5834999,-.34367999,-.62335998,.38960001,2,2,2,9,11
40,4,.022228001,.37075999,-.2045,.88066,4.9566998,-1.5796,-.39074001,-.13444,2,3,2,13,7
40,5,.0080124,-.83825999,-1.6763999,-.86019999,2.1064,-2.5253999,-2.3541999,-1.3767999,1,1,1,4,1
40,6,.023980999,.78470999,.41350001,.83898002,4.9709001,.83928001,.64317,-.083489999,3,4,3,13,7
40,7,.13861001,.63730001,2.1222999,.40858999,4.6848001,.092823997,1.3041,-1.2449,3,3,4,11,5
40,8,.0045161,-.14050999,.39357999,1.0778,4.8112001,-.75367999,-.67176002,.85873997,2,2,3,14,6
40,9,.00039912999,.82717001,-.17570999,.23081,8.8140001,2.2560999,-.62546998,1.2139,3,4,2,10,20
40,10,1.9008000e-06,-1.3384,1.2502,-.094373003,6.5865998,-1.6511,.80386001,.14822,1,1,4,8,16
40,11,.0034578999,.65193999,-1.3279001,-.51682001,5.0496998,.69828999,-.93528998,-.21280999,3,3,1,5,8
40,12,.001096,1.1194,-.71348,-.80808997,6.0672998,1.1113,.092067003,-.082405999,3,4,1,4,13
40,13,.0010609,-1.0412,-.72180003,-2.1751001,2.8267,-1.4208,-1.0688,-1.8422,1,1,1,1,1
40,14,.016836001,1.2516,.071056001,.61295998,6.2164998,.23312999,1.0373,.39173999,3,4,3,12,14
40,15,.00014408999,-1.4914,-2.2751,-1.0696,3.2679,-1.5585001,-1.9262,.50322002,1,1,1,3,1
40,16,.0012175,1.0599999,.89165002,-.98426998,7.4956999,2.3571999,1.4566,-.47483,3,4,4,3,19
40,17,.0025490001,-.098352998,-.63037997,1.9548,5.5781002,-1.7569,-2.0137999,1.3147,2,2,2,15,11
40,18,.00065896998,-.41620001,-.79105002,-1.7872,4.8892002,-1.4954,.48111001,-1.3103,2,2,1,1,7
40,19,.000040048999,-.51849997,.69195002,1.3015,6.9449,-.30089,-.42962,1.5288,1,2,4,14,17
40,20,.0014841,-.81399,1.7388,-.14179,5.5967999,.44817001,.25716999,-.21097,1,1,4,8,11
40,21,.015422,1.1673,-.59457999,-.082289003,5.9127002,-.14573,.69651002,-.49441001,3,4,2,8,13
40,22,.00080784998,.33963001,-1.6013,-.40232,4.7663002,-.12878001,-.66702998,1.0039001,2,3,1,6,6
40,23,.0003283,-.94050002,-.054407001,-.77376997,5.2483001,-.29082,-.38833001,-.29387,1,1,2,4,9
40,24,.000022144999,-1.6457,1.5922,.022512,6.0173001,-1.4083,1.4796,-.33441001,1,1,4,9,13
41,1,.0041197999,1.1909,-.62586999,-1.1143,6.1820998,.38179001,1.2173001,-1.1977,3,4,2,3,14
41,2,.001255,.70709997,-1.2575001,-2.1824,4.7711,.64244998,-.92440999,-1.0355,3,4,1,1,6
41,3,.00092776999,.11376,1.7653,-.50186002,7.6046,1.027,1.3303,-.23518001,2,3,4,5,19
41,4,.00029018999,.14365999,-.12421,-1.2103,7.3087001,-.096398003,1.3845,-.46621999,2,3,2,2,18
41,5,.0011521,.20163,-.79795998,-.69608003,6.8462,.44496,.53184003,-.23862,2,3,1,4,17
41,6,.000014527,-.35102001,-.76866001,-.64643002,7.0272999,-.21268,.50023001,.82389998,2,2,1,5,18
41,7,.00021807,.25163001,-.29379001,.11382,4.9667001,-.60115999,-.005959,-.59402001,2,3,2,9,7
41,8,.00052032003,.38986,.26626,1.0992,7.1129999,1.2453001,-.044994,1.4807,2,3,3,14,18
41,9,.0090739001,.16208,-.93408,-1.0941,4.0015001,-1.0803,-.74400997,-1.4539,2,3,1,3,3
41,10,.012905,1.0382,.14799,.066838004,6.7445002,1.1634001,-.34501001,-.32565999,3,4,3,9,17
41,11,.0065306001,.080578998,-.31729001,.062596001,4.1468,-1.1884,-1.2608,-.69160002,2,3,2,9,3
41,12,.01431,-.38361001,-1.3196,-.26855001,3.3829,-1.444,-2.1166999,.019393001,2,2,1,7,2
41,13,.027813001,.55396003,-.17301001,1.5072,6.1374998,.61023003,-.063681997,1.5089,3,3,2,15,14
41,14,.0032394,.338,.0076744999,1.1319,6.5683999,.70915002,.89802998,1.7765,2,3,2,14,16
41,15,.00012091,-.21789999,1.0733,-1.4463,6.3901,1.454,.90709001,-1.1026,2,2,4,2,15
41,16,.040004,1.2531,1.012,.56241,6.3312998,.33671999,.48701,-.92440999,3,4,4,11,15
41,17,.00028708001,.31241,-.55811,-1.7143,7.4631,.82753003,1.1842,.52645999,2,3,2,1,19
41,18,.068604,.61611998,-.70226002,1.1526,4.9625001,-.39346001,-1.2408,-.078785002,3,3,1,14,7
41,19,.00092145998,-1.6035,1.2286,.86874002,4.8042998,-1.5547,.14398,.61549002,1,1,4,13,6
41,20,.00024378,-1.7059,.68501002,.14215,4.9033999,-1.3214,-.20943999,-.25328001,1,1,4,9,7
41,21,.00013929,.012965,.96818,.33320001,8.1500998,1.63,-.25501999,-.28121001,2,3,4,10,20
41,22,.00072754,.098825,.77745998,.76914001,6.7287998,.13282999,.48348001,.65967,2,3,4,13,17
41,23,.043969002,.016029,.50139999,-.21593,2.8060999,-1.7176,-.96319997,-1.4655,2,3,3,7,1
41,24,.010993,.52462,-.38935,-1.9827,5.2163,1.5005,-.88154,-.80115002,3,3,2,1,8
41,25,.0013645,.045382999,-.55410999,1.4933,5.3325,-.8107,-.52543002,.51960999,2,3,2,15,9
42,1,.00052591,-1.4431,.11897,1.4058,4.2767,-2.7049,-.54556,.23456,1,1,3,14,4
42,2,.0057371999,.75424999,-1.4263,.1724,4.7535,-.93719,-.8132,-.085607998,3,4,1,9,6
42,3,.000040112998,-1.3214,.91192001,.41762999,5.2234998,-1.3805,.27234,.075147003,1,1,4,11,9
42,4,.0057003,.32745999,-1.4962,-1.0906,4.2400999,-.18806,-1.7565,-1.5031,2,3,1,3,4
42,5,6.6156999e-06,-2.1805,1.2596,-.81585002,5.5925999,-.12493,.16477001,-.41486999,1,1,4,4,11
42,6,.00017845001,.042332001,.51346999,-.23751,6.5061002,.64762998,.047274999,.27680001,2,3,3,7,16
42,7,.015033,1.0288,.65656,.71464002,6.4692001,-.015775001,.22234,-.51094002,3,4,3,12,15
42,8,.023174999,1.2095,.070566997,2.0105,7.0742002,.66712999,.14459001,1.0483,3,4,3,15,18
42,9,.00039003999,-.42949,-.73825997,-1.0163,5.3878002,.69441998,-1.475,-.48578,2,2,1,3,10
42,10,.023734,1.6585,-2.0330999,-.13080999,5.4021001,-.25097001,-1.0915,.70060998,3,4,1,8,10
42,11,.048526,1.3668,-.93129998,.2177,5.5127001,1.6343,-1.0757999,.10126,3,4,1,10,10
42,12,.00015525,-1.21,-.52160001,-1.7605,4.0832,-1.027,-.53125,-1.2209001,1,1,2,1,3
42,13,.000083161001,-.21792001,-.96353,-1.0563,5.3804002,.76643002,-.26403999,-.36237001,2,2,1,3,10
42,14,.015396,1.0749,1.9391,1.0573,8.5417004,.34365001,1.949,.62748998,3,4,4,14,20
42,15,.00025884001,-1.2235,-.26754999,-1.0446,4.4645,-1.2369,.33594,-.91157001,1,1,2,3,5
42,16,.061122,.98571998,-.39980999,1.4112999,4.5425,-.67311001,-1.1824,-.92030001,3,4,2,14,5
42,17,.00063708,.63844001,.98683,-.11977,6.6174998,.22453,1.8892,.26422,3,3,4,8,16
42,18,.0004054,-1.0168999,1.3317,-.44782001,4.3712001,-.30845001,.23597001,-.39798,1,1,4,6,4
42,19,.0061303,.10809,.30314001,1.3855,5.3983002,-.78236002,.48049,-.77661002,2,3,3,14,10
43,1,3.4211999e-07,-2.1893001,.88793999,.37738001,6.4864998,-.92654002,1.6993001,2.4902999,1,1,4,10,16
43,2,.0058789998,-.21413,1.2381999,1.3212,4.8344002,-1.2541,.096144997,-.14947,2,2,4,14,6
43,3,.00072066003,.31016001,.12616,1.5815001,6.4260001,-.23280001,-.91702002,1.727,2,3,3,15,15
43,4,.00066710002,.34564,1.1503,.89252001,5.6033001,-.58538997,1.7112,.85185999,2,3,4,13,11
43,5,.000046534999,-.83016002,.38798001,-.25342,5.3277998,-.099876001,.49886999,.29471001,1,1,3,7,9
43,6,.0012335,-.60255998,.83881003,.53930998,4.2711,-1.5561,-.053266,-.34933999,1,2,4,11,4
43,7,.000012547,-1.2864,.11715,.52686,5.263,.30616999,-.056623999,.56954002,1,1,3,11,9
43,8,.41007,2.1939001,.29703999,.37757999,5.5714002,1.4938,.81957,-.20139,3,4,3,10,11
43,9,9.6993995e-07,-1.5839,.37981999,-1.5736001,6.6058998,-.91874999,.99650002,-.28990999,1,1,3,1,16
43,10,.000091804002,-.13308001,-.44924,.40325001,6.4958,-.26919001,.38087001,.87847,2,2,2,11,16
43,11,.00098562997,1.1668,.11627,2.2024,6.0191998,.041673001,.50676,1.6279,3,4,3,15,13
43,12,.000013456,-.55163002,.15102001,-.35787001,6.2248001,.011122,-1.2631,.059361,1,2,3,6,14
43,13,.0013727,-.31650001,.12537999,-.016705001,4.8628001,-.21865,-.59421003,-.29710001,2,2,3,8,6
43,14,.00063659,-1.8353,-.72166997,-.26688001,4.0030999,-1.9839,-1.3606,.64267999,1,1,1,7,3
43,15,.00072667998,-.010002,1.1895,-.54720002,4.8657999,-.25130001,.25413999,-1.2657,2,3,4,5,6
43,16,.0011356,1.3873,1.8088,.66779,6.5750999,.68888998,3.6810999,-.99438,3,4,4,12,16
43,17,.12594999,1.4716001,.92246002,1.2574,5.3748999,.96498001,-.28066999,.2024,3,4,4,14,9
44,1,.000028831,-.54996997,.066404998,.069674,6.9857998,1.2193,.95788002,.97289997,1,2,3,9,17
44,2,.00022289999,.20755,-1.1152,-.51423001,6.2047,-.55962998,.83249003,-.36826,2,3,1,5,14
44,3,.29712,.83991998,.75766999,.93412,4.0597,-.15933999,-1.1612,-1.5876,3,4,4,13,3
44,4,.0033172001,-.26890999,.22722,2.8306,5.0699,-1.0434999,-2.4503,.91058999,2,2,3,15,8
44,5,.019061999,.24448,1.5929,.68531001,4.5755,-1.7049,.66329998,-1.1397001,2,3,4,12,5
44,6,.00010768,-.82880002,.042165998,.91083002,5.3267002,-.20201001,-.075286001,1.2486,1,1,2,13,9
44,7,.0044308999,.0082528004,.74561,1.0218,4.9513998,-.21249001,.39982,1.9103,2,3,4,14,7
44,8,.021167999,.93870002,-.071599998,2.3034,5.5616999,-.25128999,-.25749001,1.1654,3,4,2,15,11
44,9,.00018584001,-.27496001,-.20341,.97248,4.9597998,.42291,-.26251,.52213001,2,2,2,13,7
44,10,.0081655001,.73734999,-.48255,.16192999,5.0499001,1.1866,.50524998,-.099965997,3,4,2,9,8
44,11,.00033919001,-.053077001,1.1296999,1.8656,6.4492998,1.1030999,.36794999,1.3571,2,3,4,15,15
44,12,.00013846,.24176,-.72913003,-1.5552,5.6402998,.85654998,-1.0175,-.81579,2,3,1,2,11
44,13,.00032021999,-.94712001,1.6226,.23331,6.1911001,-.41345999,-.40454,-.90546,1,1,4,10,14
44,14,.15485001,1.1785001,-1.6502,.34801999,4.0159001,-1.6160001,.50116998,-.51450998,3,4,1,10,3
44,15,6.3394000e-06,-1.1325001,-1.0888,.61246002,6.3979001,-.38071999,-.88924003,1.8891,1,1,1,12,15
44,16,.0017889,1.3427,-.92786998,-1.1357,5.3871999,.44163999,.85610002,-1.9585,3,4,1,2,10
44,17,.000088104003,-.34665999,.97916001,-.12173,6.566,.32606,1.1883,.63938999,2,2,4,8,16
44,18,.0020677,.85605001,.71182001,.84301001,7.3838,.17817,.56418002,.13775,3,4,4,13,19
44,19,.00016351001,-1.1204,.73580003,-.61329001,6.6989999,-.15588,1.3693,.73521,1,1,4,5,16
44,20,.000024943,-1.8609,-.21973,-.38736001,5.7989001,-1.411,-.39929,.35922,1,1,2,6,12
44,21,.00075809,-.61545998,.23228,-.1701,4.3186998,-.41780001,.33671001,-.067198001,1,2,3,8,4
44,22,.000020869,-.97179002,1.7354,.41518,6.7948999,.65301001,1.5388,1.219,1,1,4,11,17
44,23,.00012188,-1.1742001,1.0066,1.156,5.9582,-1.4165,.21479,.78473997,1,1,4,14,13
44,24,.001638,-.077053003,-.34909001,-1.7141,3.6851001,-.72266001,-.3017,-.94911999,2,2,2,1,2
44,25,.00016219,.15166999,-.60387999,-.037090998,5.625,-.53670001,-.47339001,-1.0308,2,3,2,8,11
45,1,.00017108,-.29843,-.99238002,.82612002,5.5152001,.255,-.91794002,.95203,2,2,1,13,10
45,2,.0075615998,1.1927,-.81652999,.21295001,4.9342999,1.2263,1.0548,1.0799,3,4,1,10,7
45,3,.00021093,-.046163999,.1203,-.25424999,5.3684001,-.097741999,.074267,.010534,2,3,3,7,9
45,4,.030063,-.43904999,-.66627002,-.1183,2.5434,-1.2368,-2.3076,-1.3559,2,2,2,8,1
45,5,4.4469998e-06,-1.296,.40202999,-.28953001,6.4101,-1.1849999,.92821997,.79369998,1,1,3,7,15
45,6,9.1866996e-06,.12909,-.47789001,-.48004001,7.0250001,.90399998,.46597999,.39449,2,3,2,6,17
45,7,.000058445999,-2.2420001,1.7352999,-.23236001,5.3164001,-1.6479,-.46099001,.32960001,1,1,4,7,9
45,8,.00097249,.87503999,.83609003,1.7383,7.3941002,.18809,1.3946,1.8631999,3,4,4,15,19
45,9,1.9269000e-06,-1.3763,-.18138,-.66731,7.4731002,-1.6759,1.0685,1.1371,1,1,2,5,19
45,10,.00061505998,-.20544,-1.5294,-1.0937999,3.7921,.10565,-1.1037,-.35944,2,2,1,3,2
45,11,.0043584998,-.11198,1.7541,-.33757001,5.0423999,1.3131,.84658998,-1.0415,2,2,4,6,8
45,12,.0033915001,.76011002,-.52591997,-.74326003,5.9018002,.71271002,-1.0775,-.32506999,3,4,2,4,13
45,13,.0052457,.0014203,-.39545,-.85127997,5.4450002,-1.97,-.9382,-1.2013,2,3,2,4,10
45,14,.0012068,-.022382,-.12245,-.18043999,5.2319002,.26914999,-.34303001,-.92642999,2,3,2,7,9
45,15,.000038919999,-.48277,.54825002,-.41207999,5.9198999,.37825999,-.29714,-.74074,1,2,3,6,13
45,16,.1222,1.8607,-.57001001,.01231,5.5861001,-.58989,.4364,-2.2714,3,4,2,8,11
45,17,.056000002,1.4247,-.28288999,-.19451,5.8786998,1.7125,.21436,-.99062002,3,4,2,7,12
45,18,.0014837,.8089,-.42168999,1.9722,8.4811001,1.3498,-.10624,1.7817,3,4,2,15,20
45,19,.0072471998,1.7018,.3308,1.1052001,8.5417004,3.2755001,.63861001,1.1772,3,4,3,14,20
45,20,.00011708,-1.1145,.66968,-.20488,5.1346002,-.76890999,.85128999,.21647,1,1,3,7,8
45,21,.000041497999,-.43349999,-1.1495,-.20176999,5.3348999,-.20107999,-.65169001,-.010523,2,2,1,7,9
45,22,.00049324997,-1.4709001,.12037,-1.0591,2.5265999,-1.0706,-4.0967999,-2.7397001,1,1,3,3,1
45,23,.00021629001,-.071258001,.68234003,-1.6052001,6.9506998,1.1479,1.4539,-1.0425,2,2,3,1,17
45,24,.089197002,.091565996,-.56961,1.4105999,3.75,-1.7247,-.87342,-.46086001,2,3,2,14,2
45,25,.0022768001,-.40979999,1.126,-.94485003,3.9475999,-.75655001,1.9512,-.89626998,2,2,4,3,3
46,1,.00039438999,-.79109001,.22528,-1.4773,4.7543001,-.35023999,1.7041,.25187001,1,1,3,2,6
46,2,1.0652000e-06,-1.1675,-.29683,-.81514001,6.7445002,.36548001,-.1049,1.092,1,1,2,4,17
46,3,.00087905,-.39961001,-.84349,-1.0474,3.7548001,-.64695001,-.74431002,-.52153999,2,2,1,3,2
46,4,.000039523002,.18253,-.72154999,-1.0013,6.1016002,.16257,-1.1933,-.15554,2,3,1,3,14
46,5,.0028146,1.659,-1.3259,2.1926999,7.9751,.33956,-.42629999,1.1988,3,4,1,15,20
46,6,.00024857,.14196999,-.14820001,.00021039,5.2779002,.18742999,-.27438,.26475999,2,3,2,8,9
46,7,9.0528001e-06,-.27316999,.31911001,.49342,7.2441001,-.75165999,.98657,.39142999,2,2,3,11,18
46,8,.00054332998,-1.3595001,-.22095001,.12143,4.2033,-1.7203,-.45796001,-.57211,1,1,2,9,4
46,9,.000041845,-.46043,-.73101002,-.25358999,6.0434999,-.53649998,-.11737,.073076002,1,2,1,7,13
46,10,.023584999,.78126001,-1.1437,-.70029002,3.0862999,.35339001,-1.0589,-.10947,3,4,1,4,1
46,11,.015837001,-.498,.89739001,1.1622,4.7016001,.4136,-.63824999,.53789002,1,2,4,14,6
46,12,.2406,2.4261999,-1.1615,2.2119999,6.4819999,-.4109,-1.1278,.21538,3,4,1,15,15
46,13,.036056999,1.2177,-3.1045001,-.89833999,3.3838999,.082025997,-2.0637,.079038002,3,4,1,3,2
46,14,.0018831,-.17021,.97036999,1.0426,4.2529998,.012095,-.068386003,-.46779999,2,2,4,14,4
46,15,.0031673999,.51984,.65085,.0086468998,6.1156001,1.3611,-1.2691,-.27880999,3,3,3,8,14
46,16,.030602001,-.96758997,.99432999,.73624998,3.4498999,-1.6440001,.40243,.50326997,1,1,4,12,2
46,17,.00080794998,1.2093,-1.1188999,.21788999,6.8041,.22906999,.62740999,.40832001,3,4,1,10,17
46,18,.0033296,.27254999,.034451,-.26414999,4.2749,-.077688001,-.34977999,.16173001,2,3,2,7,4
46,19,.000028877999,-.10716,-.090608999,-1.314,7.5437002,-.063143,.73429,-1.251,2,2,2,2,19
46,20,.00017783001,-1.9081,1.5305001,1.6058,5.1963,-2.6454999,.68779999,.12303,1,1,4,15,8
47,1,.0047090999,.75904,-1.1869,.11217,4.8713999,.25690001,1.1763,.76095998,3,4,1,9,6
47,2,.00099184003,-.43320999,1.6544,-.16359,5.3407998,-.058192,1.0362,.49669999,2,2,4,8,9
47,3,.14906999,2.7295001,-.60308999,-.83631003,7.0137,2.5560999,.50174999,-.19504,3,4,2,4,17
47,4,.013635,.59074998,-.20976999,1.8545001,4.6504998,.0098716002,-.79550999,1.6373,3,3,2,15,5
47,5,.000028573,-.97456998,1.4548,.16361,7.3132,1.0520999,.86076999,1.0699,1,1,4,9,18
47,6,.10819,.45612001,1.3395,.73259002,3.4960999,-.38260999,-.50057,-.80826002,3,3,4,12,2
47,7,.0042845001,-.76155001,-1.3264,-.19203,2.9087999,-.77732998,-.69673997,.13334,1,1,1,7,1
47,8,.000096260999,-1.7372,.54702002,-1.5412,4.1578002,-.60701001,-1.3692,-.48407,1,1,3,2,4
47,9,.00028733001,-.33770001,-.99327999,-1.448,4.5647001,-.89314002,-.15025,-1.3466001,2,2,1,2,5
47,10,.00012806,.69998997,-.91474998,-1.4776,7.2226,.27340001,.87708998,-.79610997,3,4,1,2,18
47,11,1.3947000e-06,-2.2012999,1.1727,-1.4806,6.8118,.58429003,.96157998,-.69836003,1,1,4,2,17
47,12,.00052265998,-.52416003,.61308002,-.27434999,4.7484999,-.70783001,1.2394,-.46772999,1,2,3,7,6
47,13,.00023157999,.55642003,1.1821001,1.3619,7.6416001,1.4141001,.26835001,.96389002,3,3,4,14,19
47,14,.0016467,.30320999,1.1332999,1.9751,6.4499998,-.032430001,.44398001,1.4680001,2,3,4,15,15
47,15,.00020938,.93076003,-1.4036,-1.1622,7.5991001,1.1804,.15548,.21585999,3,4,1,2,19
47,16,.028165,.38887,-.66485,-.37246999,3.3153,-1.0666,.41433001,.19234,2,3,2,6,2
47,17,.0040922998,1.472,-1.2137001,-1.169,5.7203002,1.2036,.72253001,-1.9502,3,4,1,2,12
47,18,.0012053,-.67896003,.20162,-.58228999,3.6991,-1.5504,1.5290999,-.55281001,1,2,3,5,2
47,19,.00019354001,.50090998,-1.161,-.28740001,6.6231999,.51200998,-1.3563,-1.3908,3,3,1,7,16
47,20,.0013465,.53029001,-1.6661,-2.2830999,5.3832998,-.26664999,.76163,-1.3735,3,3,1,1,10
47,21,.0018939,-.28595001,-.91452998,-1.6384,3.4467001,-1.4513,-.29402,-1.8033,2,2,1,1,2
47,22,.0068868999,.71256,-.037501,.79073,6.0416999,.15544,.29282001,.27669001,3,4,2,13,13
47,23,.00033047001,-.22792,.50154001,1.5689,6.0197001,-.052467,-.17698,.82537001,2,2,3,15,13
48,1,.010635,.38765001,-1.4308,-1.0755,5.1950002,-.20984,-.3283,-.94694,2,3,1,3,8
48,2,.00021066,-.17776,2.1536,.93430001,7.0286999,.26673999,.88208997,-.20607001,2,2,4,13,18
48,3,.0050343,1.6160001,-.69107997,-.68681997,5.5969,.76142001,.48664001,-.56604999,3,4,1,4,11
48,4,.0019283,-.13958,.61649001,-.34520999,4.2514,-.25343001,-.25749999,-1.6545,2,2,3,6,4
48,5,.000058205998,-1.6312,.87699002,-1.323,4.7287002,-.12838,.93137002,-.25931001,1,1,4,2,6
48,6,.000045680001,.3229,.077655002,-.064836003,8.0347004,-.35005,.49555001,-.083274998,2,3,3,8,20
48,7,.13373999,2.0283999,-2.1057,-1.1889,5.5093002,1.651,-1.0812,-.91959,3,4,1,2,10
48,8,.00001718,-1.3789001,1.2574,1.0233999,6.0907001,-2.1682,1.0318,.16101,1,1,4,14,14
48,9,.00094709999,-.99804997,-1.0729001,-2.3859999,4.1690001,-.75980002,-.34771001,-.61734998,1,1,1,1,4
48,10,.15003,1.2335,.30184999,.89929003,5.4166999,.32429999,.44909,1.0638,3,4,3,13,10
48,11,.00011799,.47101,-.16696,.50572997,7.9836998,1.6689,-.31255001,1.0702,3,3,2,11,20
48,12,.00044808001,-.056203999,.81274003,.41934001,6.2273998,-.12015,.027086999,.29313001,2,3,4,11,14
48,13,.0013674001,-.414,1.5536,.067598999,6.0612001,.45192999,1.6097,.061329,2,2,4,9,13
48,14,.00076909998,.44273999,.27728999,.78430998,7.3438001,.48231,1.3031,1.169,3,3,3,13,18
48,15,.0010358,.062696002,-.48500001,-.70214999,4.2163,-.51374,-.78500003,-1.8297,2,3,2,4,4
48,16,.00052215997,-.88207,1.2332,.1309,5.3069,-.48041999,1.5010999,.24072,1,1,4,9,9
49,1,.0011797,.35420001,-2.0035,-.099191003,6.9366999,.39252001,-.91101998,.38501,2,3,1,8,17
49,2,.011313,.71850997,-.67544001,.72233999,5.6282001,-.16403,-.8107,.84085,3,4,2,12,11
49,3,.000085970998,-1.2385,-1.2377,-2.4577999,5.0043001,-.45522001,-.91517001,-.88795,1,1,1,1,7
49,4,.0011894,-1.3772,.12730999,-.98319,3.2657001,-2.0039999,-2.0832,-1.6993999,1,1,3,3,1
49,5,.0050214999,-.38646999,-.94102001,-.89284998,4.2009001,-1.2498,1.0193,-.29109001,2,2,1,3,4
49,6,.0051504001,-.22747,.71568,.37865999,4.7986999,-.37981001,.86052001,-.26535001,2,2,4,10,6
49,7,.01186,-.78952998,.74720001,.74198002,5.3400998,-.3418,-.10332,-.86499,1,1,4,12,9
49,8,.00007047,-.95718002,-.11014,-1.2535,4.7259002,-.59324002,.63332999,-.31393,1,1,2,2,6
49,9,.0026793999,.61148,.18212,2.5790999,9.8437996,.11461,-.4835,2.5769999,3,3,3,15,20
49,10,.000020003001,-1.2130001,.44380999,-1.0057,5.8408999,-.52043003,.47935,-.99330002,1,1,3,3,12
49,11,.015506,-.096657,.57988,.44848001,5.2476001,.89600998,-.27031001,.2392,2,2,3,11,9
49,12,.00019501999,-.34198999,-1.758,-1.6523,6.6833,-.29039001,.62690997,-.27570999,2,2,1,1,16
49,13,.0046379999,.033610001,-1.7447,-.58408999,4.3870001,-.31801,-1.5886,.080843002,2,3,1,5,5
49,14,.0057386002,-.22539,1.6232001,-.53930002,4.5997,-.34314999,1.3055,-1.0463001,2,2,4,5,5
49,15,.0013814,-1.0283999,.792,-.074285999,4.0931001,-2.2695999,1.38,.24179,1,1,4,8,3
49,16,.10699,.31858,-.48956001,.69954997,3.125,-1.8028001,-.74856001,-.75246,2,3,2,12,1
49,17,.0064213998,.24133,-1.1061,-1.8398,3.1204,-.47942001,-1.2175,-1.5841,2,3,1,1,1
49,18,.00050795003,.63840002,-.35800999,-.21393,6.25,.27704999,.46966001,1.3173,3,3,2,7,15
50,1,.0012405,.86690003,-.50646001,-1.7845,5.3516998,.93660998,.79325002,-1.1052999,3,4,2,1,9
50,2,.00010902,-.74457997,-.3863,.63635999,5.6671,-.78171003,.20444,.43211001,1,1,2,12,11
50,3,.0053154002,.56202,-2.1443999,-1.0819,4.7228999,-.89020997,-1.5039001,-.74308997,3,3,1,3,6
50,4,.0020711001,-1.6481,.64565998,-.38347,2.6438999,-.90618002,-1.0042,-1.099,1,1,3,6,1
50,5,.056685999,.75376999,.38306999,.91428,5.5029001,.96465999,-.30796,.24372,3,4,3,13,10
50,6,.00042408999,.067477003,-.034738,.20813,5.3724999,-1.704,.62919003,-.26916999,2,3,2,10,9
50,7,.000017947001,-1.164,-1.6681,-1.0804,4.7188001,-.15395001,-.1086,.65231001,1,1,1,3,6
50,8,.00017528,-.33476001,.07598,-1.2654001,4.7599001,-.66294003,.29604,-1.1195,2,2,3,2,6
50,9,.0017442,-.75975001,-.35071999,-2.082,3.6280999,-1.4044,-1.2410001,-2.7351999,1,1,2,1,2
50,10,.059633002,.43948001,.25979999,-.50086999,2.925,1.2229,-.89393002,-1.2525001,3,3,3,5,1
50,11,7.9559004e-06,-1.8895,1.3721,-.91231,5.7901001,-.11081,.85012001,.54430997,1,1,4,3,12
50,12,.0027971,.20708001,-.47602999,.79517001,4.6939001,-.47933999,-.69176,.23435999,2,3,2,13,5
50,13,.0096389996,-.29699001,1.8085999,.49851,2.7607,.46702999,-.51117003,-1.3533,2,2,4,11,1
50,14,.000036764999,-1.3915,-1.3056999,-.87713999,4.8544998,-1.1417,-.097147003,.20389999,1,1,1,4,6
50,15,.000062931998,-.71495998,.24005,.26835999,6.1862998,-.90463001,.92179,.32980999,1,1,3,10,14
50,16,.0061563998,1.2460999,.20291001,.71258998,5.6894002,2.3999,-.20524999,.28363001,3,4,3,12,11
50,17,.000098634002,-.11632,-.35642999,-.51561999,5.5054998,.070113003,.20812,.3831,2,2,2,5,10
50,18,.2079,1.9098001,.024378,.71249002,5.0805001,-.63058001,-.85614002,-1.7771,3,4,2,12,8
50,19,.0035875,-.012038,-.090590999,1.1567,5.4397001,.34308001,-1.0515,1.1088001,2,3,2,14,10
50,20,.0020169001,.14548001,.27686,.23244999,5,.092803001,-.0039904001,-.65925997,2,3,3,10,7
50,21,.00063482998,-1.9681,1.4002,-.047396,2.7386999,-1.7606,-1.0792,-1.8187,1,1,4,8,1
50,22,.00026375,-1.2977999,.42010999,-.28478,4.7695999,-.72000003,-1.2434,-.84170002,1,1,3,7,6
